"No Contrato","Número de Expediente Compranet",Descripcion,Area,Categoria,Tipo,Termino,Maximo,Fianza,Plataforma,Proveedor,Cuenta,Regimen,Inicio,Expediente,Folio,Fecha
D3M0094,,"Adquisición de víveres con entrega en la Guardería para hijos de madres trabajadoras aseguradas 1 IMSS Colima","Jefatura de Servicios de STPES",Contrato,Abierto,2023-12-31,502271,PENDIENTE,SAI,,,,,,,"2023-08-21 14:14:22"
"002 SI23051",,"Convenio de ampliación en monto para la adquisición y colocación de material de osteosíntesis y endoprótesis","Jefatura de Servicios de Prestaciones Médicas",Convenio,Abierto,2023-09-15,440000,pendiente,PREI,"Ortho Implantes, S. A. de C. V.",42060406,Ordinario,2023-06-14,270/2023,276,"2023-08-23 13:23:06"
"001 SI23020",,"SERVICIO MÉDICO INTEGRAL DE ESTUDIOS DE LABORATORIO CLÍNICO.","Jefatura de Servicios de Prestaciones Médicas",Convenio,Abierto,2023-11-15,0,PENDIENTE,SAI,"BIODIST, S.A. DE C.V.",0,"ADJUDICACIÓN DIRECTA NACIONAL PRESENCIAL N° AA-50-GYR-050GYR012-N-26-2023",2020-03-01,271,282,"2023-08-23 13:23:51"
SI23064,,"Adquisición y colocación de bienes de osteosintesis sistema 4.- cemento hueso","Jefatura de Servicios de Prestaciones Médicas",Contrato,Abierto,2023-12-31,228000,pendiente,PREI,"STRAUMA DE MÉXICO, S. A. DE C. V.",42060406,Ordinario,2023-08-25,272/2023,283,"2023-08-28 09:43:28"
S3M0100,,"PARA LA CONTRATACIÓN DEL ARRENDAMIENTO DE CONTENEDORES PARA EL PROGRAMA IMSS BIENESTAR","Jefatura de Servicios de Prestaciones Médicas",Contrato,Cerrado,2023-12-31,294000,Pendiente,SAI,"PROINCOLIMA, S.A. DE C.V.",42061303,BIENESTAR,2023-09-01,273/2023,284,"2023-09-01 12:59:28"
"001 SI23026",,"CONVENIO MODIFICATORIO PARA CONCLUSION DE VIGENCIA DEL CONTRATO PARA LA ADQUISICION Y COLOCACIÓN DE BIENES DE OSTEOSINTESIS Y ENDOTROTESIS (SISTEMA 4. Cemento Hueso)","Jefatura de Servicios de Prestaciones Médicas",Convenio,Abierto,2023-09-01,0,"NO APLICA",PREI,"STRAUMA DE MEXICO, S.A. DE C.V.",42060406,ORDINARIO,2023-03-27,274/2023,278,"2023-09-01 13:10:32"
S3M0099,,"Servicios Médicos subrogados de tomografías","Jefatura de Servicios de Prestaciones Médicas",Contrato,Abierto,2023-10-15,516541,pendiente,SAI,"Gabriela Carlota Leguer Retolaza en participación conjunta con Carlos Romero Martinez",42062106,ORDINARIO,2023-08-30,275/2023,279,"2023-09-01 15:35:18"
"003 D3M0014",,"ADQUISICIÓN DE VIVERES, PARA EL EJERCICIO 2023","Coordinación de Comunicación Social",Convenio,Abierto,2023-09-15,0,PENDIENTE,SAI,"ABARROTERA ESPINOSA, S.A. DE C.V.",0,ORDINARIO,2023-01-19,276/2023,281,"2023-09-04 13:26:16"
"001 SI23016",,"SERVICIO INTEGRAL DE BANCO DE SANGRE","Jefatura de Servicios de Prestaciones Médicas",Convenio,Abierto,2023-09-15,0,PENDIENTE,SAI,"GÉNESIS HEALTHCARE ADVISERS, S.A. DE C.V.",0,ORDINARIO,2023-01-27,277/2023,280,"2023-09-04 13:28:32"
"002 S3M0018",,"CONTRATACIÓN DE LOS SERVICIOS MÉDICOS SUBROGADOS DE ESTUDIOS (PARTIDAS 15, 17, 18, 19, 20, 21, 22 Y 23)","Jefatura de Servicios de Prestaciones Médicas",Convenio,Abierto,2023-10-31,50383,pendiente,SAI,"Enrique Augusto Sanchez Cardenas",42062106,Ordinario,2023-03-31,,,"2023-09-05 11:46:30"
S2M0153,LA-050GYR012-E401-2022,"SERVICIO DE TRASLADO DE PACIENTES A CITA MEDICA PARA EJERCICIO 2023","Coordinación de Comunicación Social",Contrato,Abierto,2023-12-31,14382237,III-607908-RC,SAI,"AUTOTRANSPORTES HERRADURA DE PLATA, SA DE CV EN PART. CONJUNTA AUTOBUSES DE JALISCO, SA DE CV",42061601,Ordinario,1000-10-10,,,"2023-09-07 11:26:35"
S2M0153,LA-050GYR012-E401-2022,"SERVICIO DE TRASLADO DE PACIENTES A CITA MEDICA PARA EJERCICIO 2023","Coordinación de Comunicación Social",Contrato,Abierto,2023-12-31,14382237,III-607908-RC,SAI,"AUTOTRANSPORTES HERRADURA DE PLATA, SA DE CV EN PART. CONJUNTA AUTOBUSES DE JALISCO, SA DE CV",42061601,Ordinario,1000-10-10,,,"2023-09-07 11:26:35"
S2M0153,LA-050GYR012-E401-2022,"SERVICIO DE TRASLADO DE PACIENTES A CITA MEDICA PARA EJERCICIO 2023","Coordinación de Comunicación Social",Contrato,Abierto,2023-12-31,14382237,III-607908-RC,SAI,"AUTOTRANSPORTES HERRADURA DE PLATA, SA DE CV EN PART. CONJUNTA AUTOBUSES DE JALISCO, SA DE CV",42061601,Ordinario,1000-10-10,,,"2023-09-07 11:26:35"
D3M0026,LA-050GYR012-E402-2022,"ADQUISICION DE ALIMENTOS PREPARADO PARA SU CONSUMO DESAYUNOS Y COMIDAS PARA EJERCICIO 2023","Jefatura de Servicios de Prestaciones Médicas",Contrato,Abierto,2023-12-31,200000,1302-10591-1,SAI,"A + SERVICE S DE RL DE CV",42060802,Ordinario,2023-01-01,,,"2023-09-07 13:10:51"
D3M0026,LA-050GYR012-E402-2022,"ADQUISICION DE ALIMENTOS PREPARADO PARA SU CONSUMO DESAYUNOS Y COMIDAS PARA EJERCICIO 2023","Jefatura de Servicios de Prestaciones Médicas",Contrato,Abierto,2023-12-31,200000,1302-10591-1,SAI,"A + SERVICE S DE RL DE CV",42060802,Ordinario,2023-01-01,,,"2023-09-07 13:10:51"
S2M0154,LA-050GYR012-E403-2022,"SERVICIO MEDICO SUBROGADO DE HOSPITALIZACION DE PACIENTES CON PADECIMIENTOS PSIQUIATRICOS Y TERAPIA ELECTRO-CONVULSIVA INCLUYE ATENCION CON MEDICOS DEL HOSPITAL","Jefatura de Servicios de Prestaciones Médicas",Contrato,Abierto,2023-12-31,3150000,4057-01251-5,SAI,"SAN JUAN DE DIOS SERVICIOS DE SALUD, A. C.",42062109,Ordinario,2023-01-01,,,"2023-09-07 13:10:51"
S2M0154,LA-050GYR012-E403-2022,"SERVICIO MEDICO SUBROGADO DE HOSPITALIZACION DE PACIENTES CON PADECIMIENTOS PSIQUIATRICOS Y TERAPIA ELECTRO-CONVULSIVA INCLUYE ATENCION CON MEDICOS DEL HOSPITAL","Jefatura de Servicios de Prestaciones Médicas",Contrato,Abierto,2023-12-31,3150000,4057-01251-5,SAI,"SAN JUAN DE DIOS SERVICIOS DE SALUD, A. C.",42062109,Ordinario,2023-01-01,,,"2023-09-07 13:10:51"
S2M0155,LA-050GYR012-E404-2022,"SERVICIO MEDICO SUBROGADO DE CONSULTA DE CARDIOLOGIA PEDIATRICA PARA EL EJERCICIO 2023","Jefatura de Servicios de Prestaciones Médicas",Contrato,Abierto,2023-12-31,243600,2754912,SAI,"MARIO DAVID PÉREZ GUERRA",42062101,Ordinario,2023-01-01,,,"2023-09-07 13:10:51"
GU23002,LA-050GYR012-E400-2022,"SERVICIO DE GUARDERÍA  QUE EL INSTITUTO BRINDA A TRAVÉS DE TERCEROS EN LOS ESQUEMAS VECINAL COMUNITARIO ÚNICO Y GUARDERÍA INTEGRADORA 2023-2027","Jefatura de Servicios de STPES",Contrato,Abierto,2027-12-31,64746272,2342875-0000,SAI,"CHAMI, S. C.",42062105,Ordinario,2023-01-01,,,"2023-09-07 15:23:08"
GU23003,LA-050GYR012-E400-2022,"SERVICIO DE GUARDERÍA  QUE EL INSTITUTO BRINDA A TRAVÉS DE TERCEROS EN LOS ESQUEMAS VECINAL COMUNITARIO ÚNICO Y GUARDERÍA INTEGRADORA 2023-2027","Jefatura de Servicios de STPES",Contrato,Abierto,2027-12-31,87816776,058513-00000,SAI,"INSTITUTO CULTURAL DEL INFANTE, S. C.",42062105,Ordinario,2023-01-01,,,"2023-09-07 15:23:08"
D3M0012,AA-050GYR012-E474-2022,"PARA LA ADQUISICIÓN DE VIVERES PARA HOSPITALES","Jefatura de Servicios de Prestaciones Médicas",Contrato,Abierto,2023-12-31,353345,2398890-0000,SAI,"FRANCISCO VEGA CARRILLO",42060801,Ordinario,2023-01-01,,,"2023-09-07 15:23:08"
D3M0002,AA-050GYR012-E474-2022,"PARA LA ADQUISICIÓN DE VIVERES PARA HOSPITALES","Jefatura de Servicios de STPES",Contrato,Abierto,2023-12-31,538854,BKY-0024--0138927,SAI,"ABARROTERA ESPINOSA, SA DE CV",42060801,Ordinario,2023-01-01,,,"2023-09-07 15:23:08"
GU23004,AA-050GYR012-E475-2022,"SERVICIO DE GUARDERÍA  QUE EL INSTITUTO BRINDA A TRAVÉS DE TERCEROS EN LOS ESQUEMAS VECINAL COMUNITARIO ÚNICO Y GUARDERÍA INTEGRADORA 2023-2027","PRESTACIONES MEDICAS",Contrato,Abierto,2027-12-31,45024704,2760040,SAI,"CENTRO INFANTIL GANDHI, SC",42062105,Ordinario,2023-01-01,,,"2023-09-07 15:23:08"
GU23005,AA-050GYR012-E475-2022,"SERVICIO DE GUARDERÍA  QUE EL INSTITUTO BRINDA A TRAVÉS DE TERCEROS EN LOS ESQUEMAS VECINAL COMUNITARIO ÚNICO Y GUARDERÍA INTEGRADORA 2023-2027","DEPARTAMENTO DE GUARDERÍAS",Contrato,Abierto,2027-12-31,74421000,2760038,SAI,"CENTRO INFANTIL GANDHI, SC",42062105,Ordinario,2023-01-01,,,"2023-09-07 15:23:08"
GU23006,AA-050GYR012-E475-2022,"SERVICIO DE GUARDERÍA  QUE EL INSTITUTO BRINDA A TRAVÉS DE TERCEROS EN LOS ESQUEMAS VECINAL COMUNITARIO ÚNICO Y GUARDERÍA INTEGRADORA 2023-2027","DEPARTAMENTO DE GUARDERÍAS",Contrato,Abierto,2027-12-31,67351008,2760035,SAI,"CENTRO DESARROLLO INFANTIL MAHATMA GANDHI, SC",42062105,Ordinario,2023-01-01,,,"2023-09-07 15:23:08"
SI22080,LA-050GYR027-E426-2022,"SERVICIO MEDICO INTEGRAL DE HEMODIALISIS INTERNA PARA 2023 (REGIONAL)","PRESTACIONES MEDICAS",Contrato,Abierto,2023-05-08,4735452,3453-07390-6,SAI,"NIPRO MEDICAL DE MÉXICO, SA DE CV",42060418,Ordinario,2023-01-01,,,"2023-09-07 15:23:08"
SI22081,LA-050GYR027-E427-2022,"SERVICIO MÉDICO INTEGRAL DE HEMODIÁLISIS SUBROGADA 2023 PARTIDA 1","PRESTACIONES MÉDICAS",Contrato,Abierto,2023-04-05,22864100,2750688,SAI,"PISA EQUIPOS BIOMEDICOS, SA DE CV EN PARTICIPACIÓN CONJUNTA CON PRODUCTOS HOSPITALARIOS, S. A. DE C. V.",42061604,Ordinario,2023-01-01,,,"2023-09-07 15:23:08"
SI22082,LA-050GYR027-E427-2022,"SERVICIO MÉDICO INTEGRAL DE HEMODIÁLISIS SUBROGADA 2023 PARTIDA 2","PRESTACIONES MÉDICAS",Contrato,Abierto,2023-04-05,3234141.5,2750696,SAI,"PISA EQUIPOS BIOMEDICOS, SA DE CV EN PARTICIPACIÓN CONJUNTA CON PRODUCTOS HOSPITALARIOS, S. A. DE C. V.",42061604,Ordinario,2023-01-01,,,"2023-09-07 15:23:08"
SI23001,AA-050GYR002-E413-2022,"SERVICIO MEDICO INTEGRAL ESTUDIOS DE LABORATORIO CLINICO","PRESTACIONES MÉDICAS",Contrato,Abierto,2023-08-31,0,"No aplica",SAI,"IMPROMED, SA DE CV",42060417,Ordinario,2023-01-01,,,"2023-09-07 15:23:08"
S3M0003,AA-050GYR012-E477-2022,"SERVICIO DE TRASLADO DE PACIENTES A CITA MEDICA PARA EJERCICIO 2023","PRESTACIONES MEDICAS",Contrato,Abierto,2023-12-31,3351240,3270-01553-8,SAI,"AUTOBUSES DE LA PIEDAD, SA DE CV",42061601,Ordinario,2023-01-01,,,"2023-09-07 15:23:08"
D3M0001,AA-050GYR012-E478-2022,"ADQUISICIÓN DE VÍVERES PARA HOSPITALES IMSS BIENESTAR","PRESTACIONES MEDICAS",Contrato,Abierto,2023-03-31,2280340,2398848-0000,SAI,"LAURA MARÍA MARQUEZ ESPIRITÚ",42060801,Bienestar,2023-01-01,,,"2023-09-07 15:23:08"
D3M0013,AA-050GYR012-E478-2022,"ADQUISICIÓN DE VÍVERES PARA HOSPITALES IMSS BIENESTAR","PRESTACIONES MÉDICAS",Contrato,Abierto,2023-03-31,2615302.75,2398866-0000,SAI,"FRANCISCO VEGA CARRILLO",42060801,Bienestar,2023-01-01,,,"2023-09-07 15:23:08"
S3M0011,LA-050GYR012-E442-2022,"SERVICIO MÉDICO SUBROGADO DE TOMA, DIGITALIZACIÓN E INTERPRETACIÓN DE MASTOGRAFIAS","PRESTACIONES MÉDICAS",Contrato,Abierto,2023-12-31,901320,2408615-0000,SAI,"CARLOS ROMERO MARTINEZ",42062106,Ordinario,2023-01-12,,,"2023-09-07 15:23:08"
S3M0008,LA-050GYR012-E443-2022,"SERVICIOS MÉDICOS SUBROGADOS (DOSIMETRIA)","PRESTACIONES MÉDICAS",Contrato,Abierto,2023-12-31,109131.41,10435-00214-0,SAI,"FISICA MEDICA FIMERA, SA DE CV",42062106,Ordinario,2023-01-16,,,"2023-09-07 15:23:08"
S3M0009,LA-050GYR012-E443-2022,"SERVICIOS MÉDICOS SUBROGADOS (INMUNOISTOQUIMICA)","PRESTACIONES MÉDICAS",Contrato,Abierto,2023-12-31,951200,2767753,SAI,"GRUPO LAPCIT, SA DE CV",42062106,Ordinario,2023-01-16,,,"2023-09-07 15:23:08"
MM230008,LA-050GYR012-E444-2022,"ADQUISICIÓN DE MEDICINA MAGISTRAL","PRESTACIONES MÉDICAS",Contrato,Abierto,2023-12-31,600000,4148-03201-5,SAI,"FARMACIAS DE ESPECIALIDADES DERMATOLOGICAS DE MÉXICO, SA DE CV",42060305,Ordinario,2023-01-17,,,"2023-09-07 15:23:08"
MM230009,LA-050GYR012-E444-2022,"ADQUISICIÓN DE ALERGENOS","PRESTACIONES MÉDICAS",Contrato,Abierto,2023-12-31,300000,3842-19005-4,SAI,"KARINA RODRIGUEZ VICTORIO",42060305,Ordinario,2023-01-17,,,"2023-09-07 15:23:08"
SI23011,AA-50-GYR-050GYR012-T-4-2023,"ADQUISICIÓN DE BIENES DE OSTEOSINTESIS Y ENDOPROTESIS BAJO EL ESQUEMA DE INVENTARIO CERO","PRESTACIONES MÉDICAS",Contrato,Abierto,2023-03-31,2000000,2413858-0000,SAI,"BOUNES, S. A. DE C. V.",42060406,Bienestar,2023-01-20,,,"2023-09-07 15:23:08"
SI23007,AA-50-GYR-050GYR012-N-1-2023,"SERVICIO INTEGRAL DE ANESTESIA","PRESTACIONES MÉDICAS",Contrato,Abierto,2023-06-30,14268000,23A03333,SAI,"CENTRAL MÉDICA DE SUMINISTROS, SA DE CV EN PART. CONJUNTA CON CONDUIT LIFE, SA DE CV Y CON BIOSYSTEMS HLS, SA DE CV",42060430,Bienestar,2023-01-06,,,"2023-09-07 15:23:08"
SI23010,AA-50-GYR-050GYR012-N-2-2023,"SERVICIO MEDICO SUBROGADO DE CENTRAL DE MEZCLAS","PRESTACIONES MÉDICAS",Contrato,Abierto,2023-03-31,500000,2761381,SAI,"PRODUCTOS HOSPITALARIOS, SA DE CV",42060321,Bienestar,2023-01-12,,,"2023-09-07 15:23:08"
S3M0010,AA-50-GYR-050GYR012-N-3-2023,"SERVICIO DE SUMINISTRO DE OXIGENO MEDICINAL DOMICILIARIO A PACIENTES DE IMSS BIENESTAR","PRESTACIONES MÉDICAS",Contrato,Abierto,2023-03-31,381348,060919-00000,SAI,"PRAXAIR MEXICO, S DE RL DE CV",42062422,Bienestar,2023-01-09,,,"2023-09-07 15:23:08"
SO23012,AA-50-GYR-050GYR012-N-6-2023,"SERVICIO DE SUMINISTRO DE OXÍGENO HOSPITALARIO GASES MEDICINALES E INDUSTRIALES EN UNIDADES MÉDICAS DEL IMSS BIENESTAR","PRESTACIONES MÉDICAS",Contrato,Abierto,2023-03-31,4706649.5,060928-00000,SAI,"PRAXAIR MEXICO, S DE RL DE CV",42062423,Bienestar,2023-01-19,,,"2023-09-07 15:23:08"
S3M0016,LA-050GYR012-E441-2022,"SERVICIOS MÉDICOS SUBROGADOS DE (ESTUDIOS, PRUEBAS, CIRUGÍA, PROCEDIMIENTOS Y TRATAMIENTOS), PARA EL 2023","PRESTACIONES MÉDICAS",Contrato,Abierto,2023-05-31,480180,2398874-0000,SAI,"CONSULTORIA MEDICA Y DIAGNOSTICO CARDIOVASCULAR INTEGRAL CAMINO REAL, SC",42062106,Ordinario,2023-02-01,,,"2023-09-07 15:23:08"
S3M0017,LA-050GYR012-E441-2022,"SERVICIOS MÉDICOS SUBROGADOS DE (ESTUDIOS, PRUEBAS, CIRUGÍA, PROCEDIMIENTOS Y TRATAMIENTOS), PARA EL 2023","PRESTACIONES MÉDICAS",Contrato,Abierto,2023-05-31,962271.12,2398870-0000,SAI,"DISTRIBUIDORA ÓPTICA Y SERVICIOS DE COLIMA, SC",42062101,Ordinario,2023-02-01,,,"2023-09-07 15:23:08"
S3M0018,LA-050GYR012-E441-2022,"SERVICIOS MÉDICOS SUBROGADOS DE (ESTUDIOS, PRUEBAS, CIRUGÍA, PROCEDIMIENTOS Y TRATAMIENTOS), PARA EL 2023","PRESTACIONES MÉDICAS",Contrato,Abierto,2023-05-31,306833.69,2398872-0000,SAI,"DISTRIBUIDORA ÓPTICA Y SERVICIOS DE COLIMA, SC",42062106,Ordinario,2023-02-01,,,"2023-09-07 15:23:08"
S3M0019,LA-050GYR012-E441-2022,"SERVICIOS MÉDICOS SUBROGADOS DE (ESTUDIOS, PRUEBAS, CIRUGÍA, PROCEDIMIENTOS Y TRATAMIENTOS), PARA EL 2023","PRESTACIONES MÉDICAS",Contrato,Abierto,2023-05-31,3278713,BKY-0024-0139854,SAI,"GABRIELA CARLOTA LEGUER RETOLAZA",42062106,Ordinario,2023-02-01,,,"2023-09-07 15:23:08"
SI23016,AA-50-GYR-050GYR012-N-7-2023,"SERVICIO MÉDICO INTEGRAL DE BANCO DE SANGRE","SERVICIOS MÉDICOS",Contrato,Abierto,2023-08-31,8764366,064278-00000,SAI,"GENESIS HEALTHCARE ADVISERS, S. A. DE C. V.",42060425,Ordinario,2023-01-27,,,"2023-09-07 15:23:08"
D3M0014,LA-050GYR012-E461-2022,"ADQUISICION DE VIVERES PARA EL EJERCICIO 2023","PRESTACIONES MÉDICAS",Contrato,Abierto,2023-06-30,3382908.25,BKY-0024-0140779,SAI,"ABARROTERA ESPINOSA, SA DE CV",42060801,Ordinario,2023-01-19,,,"2023-09-07 15:23:08"
D3M0015,LA-050GYR012-E461-2022,"ADQUISICION DE VIVERES PARA EL EJERCICIO 2023","PRESTACIONES MÉDICAS",Contrato,Abierto,2023-06-30,5211182.5,BKY-0439-0142494,SAI,"DISTRIBUIDORA DE CARNES SUPREMA EL TORREON S.A. DE C.V.",42060801,Ordinario,2023-01-19,,,"2023-09-07 15:23:08"
SG23014,LA-050GYR012-E462-2022,"SERVICIO DE TRANSPORTE Y CARGA EN SITIO DE DIESEL PARA MAQUINARIA, 2023","DEPARTAMENTO DE CONSERVACIÓN Y SERVICIOS GENERALES",Contrato,Abierto,2023-12-31,3804000,BKY-0001-0139878,SAI,"DISTRIBUIDORA CENTRAL DE DIESEL VALLARTA S.A. DE C.V. EN PARTICIPACION CONJUNTA CON TRANSPORTES ESPECIALIZADOS ROBLES, S.A. DE C.V.",42061102,Ordinario,2023-01-20,,,"2023-09-07 15:23:08"
SG23015,LA-050GYR012-E463-2022,"SERVICIO DE MANIOBRAS DE CARGA Y DESCARGA DE BIENES DE CONSUMO E INVERSION ASI COMO EL ACOMODO DE LOS MISMOS, 2023","SERVICIOS ADMINISTRATIVOS",Contrato,Abierto,2023-12-31,422068.97,2202278,SAI,"GABRIEL AGUILAR SERVIN",42062401,Ordinario,2023-01-23,,,"2023-09-07 15:23:08"
S3M0020,LA-050GYR012-E467-2022,"SERVICIO DE ANÁLISIS DE AGUAS RESIDUALES Y AGUA POTABLE","DEPARTAMENTO DE CONSERVACIÓN Y SERVICIOS GENERALES",Contrato,Abierto,2023-12-31,235000,2766427,SAI,"GROUP CHEMICAL SANSO, S. A. DE C. V.",42062113,Ordinario,2023-01-27,,,"2023-09-07 15:23:08"
SG23013,LA-050GYR012-E464-2022,"SERVICIO  DE SUMINISTRO DE GAS LP, EN CILINDROS Y ESTACIONARIO PARA UNIDADES MEDICAS Y NO MEDICAS DEL IMSS, 2023","DEPARTAMENTO DE CONSERVACIÓN Y SERVICIOS GENERALES",Contrato,Abierto,2023-12-31,2670030,III-608342-RC,SAI,"GAS MENGUC S.A. DE C.V.",420611105,Ordinario,2023-01-24,,,"2023-09-07 15:23:08"
D3M0023,LA-050GYR012-E461-2022,"ADQUISICION DE VIVERES PARA EL EJERCICIO 2023","PRESTACIONES MÉDICAS",Contrato,Abierto,2023-06-30,1666522.75,2767277,SAI,"PERLOP OPERADORA DE ALIMENTOS, S. A. DE C. V.",42060801,Ordinario,2023-01-19,,,"2023-09-07 15:23:08"
SG23017,LA-050GYR012-E468-2022,"SERVICIO DE FOTOCOPIADO","DEPARTAMENTO DE CONSERVACIÓN Y SERVICIOS GENERALES",Contrato,Abierto,2023-12-31,71998.42,3502-16019-9,SAI,"INFODIGITAL, S. A. DE C. V.",42062421,Ordinario,2023-01-30,,,"2023-09-07 15:23:08"
SI23018,AA-50-GYR-050GYR012-T-14-2023,"SERVICIO MÉDICO INTEGRAL PARA PROCEDIMIENTOS DE MÍNIMA INVASIÓN PROCEDIMIENTOS Y BIENES COMPLEMENTARIOS POR UNIDAD MÉDICA","PRESTACIONES MÉDICAS",Contrato,Abierto,2023-06-06,16000000,23A06113,SAI,"INTERMET, S. A. DE C. V.",42060419,Ordinario,2023-02-10,,,"2023-09-07 15:23:08"
D2M0141,,"COMBUSTIBLE PARA VEHICULOS AUTOMOTORES TERRESTRES (AMBULANCIAS)","SERVICIOS GENERALES",Contrato,Abierto,2023-12-31,2760000,"No aplica",SAI,"PEMEX TRANSFORMACIÓN INDUSTRIAL",42061104,Ordinario,2023-01-01,,,"2023-09-07 15:23:08"
S2M0140,,"COMBUSTIBLE PARA VEHICULOS AUTOMOTORES TERRESTRES (ADMINISTRATIVOS)","SERVICIOS GENERALES",Contrato,Abierto,2023-12-31,2444400,"No aplica",SAI,"PEMEX TRANSFORMACIÓN INDUSTRIAL",42061101,Ordinario,2023-01-01,,,"2023-09-07 15:23:08"
D3M0024,AA-50-GYR-050GYR012-N-15-2023,"ADQUISISCION DE VIVERES","PRESTACIONES MÉDICAS",Contrato,Abierto,2023-06-30,1345961.38,BKY-0024-0145732,SAI,"ANA ESTEFANIA PONCE DE LEON",42060801,Ordinario,2023-02-08,,,"2023-09-07 15:23:08"
D3M0025,AA-50-GYR-050GYR012-N-15-2023,"ADQUISISCION DE VIVERES","PRESTACIONES MÉDICAS",Contrato,Abierto,2023-01-30,279408.78,2207156,SAI,"ALIMENTOS SELLO ROJO, S.A. DE C.V.",42060801,Ordinario,2023-02-08,,,"2023-09-07 15:23:08"
"5 37/66",AA-050GYR012-E82-2019,"SERVICIO DE GUARDERÍA  ","DEPARTAMENTO DE GUARDERÍAS",Convenio,Abierto,2023-12-31,12293354,1965457,SAI,"ESTANCIA INFANTIL LA CASA DEL SOL, S.C.",42062105,Ordinario,2019-04-01,,,"2023-09-07 15:23:08"
"6  5/8 ",AA-050GYR012-E82-2019,"SERVICIO DE GUARDERÍA  ","DEPARTAMENTO DE GUARDERÍAS",Convenio,Abierto,2023-12-31,17502404,036556-00000,SAI,"INSTITUTO INFANCIA VANGUARDISTA, S.C.",42062105,Ordinario,2023-01-01,,,"2023-09-07 15:23:08"
"5 49/68",AA-050GYR012-E82-2019,"SERVICIO DE GUARDERÍA  ","DEPARTAMENTO DE GUARDERÍAS",Convenio,Abierto,2023-12-31,7553145,1966475,SAI,"CENTRO DESARROLLO INFANTIL MAHATMA GANDHI, S.C.",42062105,Ordinario,2019-04-01,,,"2023-09-07 15:23:08"
"004 GU21065",AA-050GYR012-E82-2019,"SERVICIO DE GUARDERÍA  ","DEPARTAMENTO DE GUARDERÍAS",Convenio,Abierto,2023-12-31,6945398,3720-13604-2,SAI,"LA ESTANCIA PARA MENORES DE ARMERIA A. C.",42062105,Ordinario,2023-01-01,,,"2023-09-07 15:23:08"
"004 GU21066",AA-050GYR012-E82-2019,"SERVICIO DE GUARDERÍA  ","DEPARTAMENTO DE GUARDERÍAS",Convenio,Abierto,2023-12-31,15696600,2313181-0000,SAI,"CENTRO INFANTIL PARA HIJOS DE MADRES ASEGURADAS GUARDERÍA Y JARDÍN DE NIÑOS, S.C.",42062105,Ordinario,2023-01-01,,,"2023-09-07 15:23:08"
"004 GU21067",LA-050GYR012-E386-2021,"SERVICIO DE GUARDERÍA  ","DEPARTAMENTO DE GUARDERÍAS",Convenio,Abierto,2023-12-31,10418097,2237793-0000,SAI,"GUARDERIA VILLA DE ÁLVAREZ, A.C.",42062105,Ordinario,2023-01-01,,,"2023-09-07 15:23:08"
"004 GU21069",AA-050GYR012-E488-2021,"SERVICIO DE GUARDERÍA  ","DEPARTAMENTO DE GUARDERÍAS",Convenio,Abierto,2023-12-31,15488238,3720-13611-0,SAI,"GUARDERÍA INFANTIL PEQUE FELIZ, S. C.",42062105,Ordinario,2023-01-01,,,"2023-09-07 15:23:08"
"004 GU21070",AA-050GYR012-E488-2021,"SERVICIO DE GUARDERÍA  ","DEPARTAMENTO DE GUARDERÍAS",Convenio,Abierto,2023-12-31,7917754,3071-32695-6,SAI,"PROINFANCIA DE COLIMA A. C.",42062105,Ordinario,2023-01-01,,,"2023-09-07 15:23:08"
"001 GU23002",LA-050GYR012-E400-2022,"SERVICIO DE GUARDERÍA  ","DEPARTAMENTO DE GUARDERÍAS",Convenio,Abierto,2023-12-31,12408195,2342875-0000,SAI,"CHAMI, S.C.",42062105,Ordinario,2023-01-01,,,"2023-09-07 15:23:08"
"001 GU23003",LA-050GYR012-E400-2022,"SERVICIO DE GUARDERÍA  ","DEPARTAMENTO DE GUARDERÍAS",Convenio,Abierto,2023-12-31,16829506,058513-00000,SAI,"INSTITUTO CULTURAL DEL INFANTE, S.C.",42062105,Ordinario,2023-01-01,,,"2023-09-07 15:23:08"
"001 GU23004",AA-050GYR012-E475-2022,"SERVICIO DE GUARDERÍA  ","DEPARTAMENTO DE GUARDERÍAS",Convenio,Abierto,2023-12-31,8628687,2760040,SAI,"CENTRO INFANTIL GANDHI, S. C.",42062105,Ordinario,2023-01-01,,,"2023-09-07 15:23:08"
"001 GU23005",,"SERVICIO DE GUARDERÍA  ","DEPARTAMENTO DE GUARDERÍAS",Convenio,Abierto,2023-12-31,14262293,2760038,SAI,"CENTRO INFANTIL GANDHI, S.C.",42062105,Ordinario,2023-01-01,,,"2023-09-07 15:23:08"
"001 GU23006",AA-050GYR012-E475-2022,"SERVICIO DE GUARDERÍA  ","DEPARTAMENTO DE GUARDERÍAS",Convenio,Abierto,2023-12-31,12907376,2760035,SAI,"CENTRO DESARROLLO INFANTIL MAHATMA GANDHI, S.C.",42062105,Ordinario,2023-01-01,,,"2023-09-07 15:23:08"
"5 55/98",AA-050GYR012-E82-2019,"SERVICIO DE GUARDERÍA  ","DEPARTAMENTO DE GUARDERÍAS",Convenio,Abierto,2023-12-31,10418097,2066636-0000,SAI,"GUARDERÍA Y JARDÍN DE NIÑOS PRIMAVERA, S.C.",42062105,Ordinario,2019-04-01,,,"2023-09-07 15:23:08"
006-1215/2019,AA-050GYR012-E82-2019,"SERVICIO DE GUARDERÍA  ","DEPARTAMENTO DE GUARDERÍAS",Convenio,Abierto,2023-12-31,17502404,036560-00000,SAI,"INSTITUTO INFANCIA VANGUARDISTA, S.C.",42062105,Ordinario,2023-01-01,,,"2023-09-07 15:23:08"
"001 GU22061",LA-050GYR012-E193-2022,"SERVICIO DE GUARDERÍA  ","DEPARTAMENTO DE GUARDERÍAS",Convenio,Abierto,2023-12-31,16278243,052127-00000,SAI,"PLAN DE RETIRO GINCUL, S. C.",42062105,Ordinario,2023-01-01,,,"2023-09-07 15:23:08"
SG23019,AA-50-GYR-050GYR012-N-22-2023,"SERVICIO DE FOTOCOPIADO PARA EL PROGRAMA IMSS BIENESTAR","SERVICIOS MÉDICOS",Contrato,Abierto,2023-04-30,139200,3502-16020-7,SAI,"INFODIGITAL, S. A. DE C. V.",42062421,Bienestar,2023-02-20,,,"2023-09-07 15:23:08"
D3M0027,LA-50-GYR-050GYR012-N-8-2023,"SERVICIO DE AGUA PARA BEBER EMBOTELLADA EN UNIDADES MÉDICAS Y GUARDERIAS DEL IMSS","DEPARTAMENTO DE CONSERVACIÓN Y SERVICIOS GENERALES",Contrato,Abierto,2023-12-31,95040,2773529,SAI,"COMERCIALIZADORA ELECTROPURA, S. DE R. L. DE C. V.",42060801,Ordinario,2023-02-27,,,"2023-09-07 15:23:08"
D233002,AA-50-GYR-050GYR012-T-25-2023,"ADQUISICIÓN DE CONSUMIBLES DE EQUIPOS DE MEDICO","PRESTACIONES MÉDICAS",Contrato,Abierto,2023-03-31,199487.52,BKY-0498-0145099,SAI,"AZTEC MEDIC, S. A. DE C. V.",21057001,Ordinario,2023-02-20,,,"2023-09-07 15:23:08"
D233001,AA-50-GYR-050GYR012-T-25-2023,"ADQUISICIÓN DE CONSUMIBLES DE EQUIPOS DE MEDICO","PRESTACIONES MÉDICAS",Contrato,Abierto,2023-03-31,167510.95,"No aplica",SAI,"ADVANCED STERILIZATION, S. DE R. L. DE C. V.",21057001,Ordinario,2023-02-20,,,"2023-09-07 15:23:08"
D233005,AA-50-GYR-050GYR012-T-25-2023,"ADQUISICIÓN DE CONSUMIBLES DE EQUIPOS DE MEDICO","PRESTACIONES MÉDICAS",Contrato,Abierto,2023-03-31,958392,"No aplica",SAI,"CORPORATIVO MS SISTEMAS MEDICOS, S. A. DE C. V.",21057001,Ordinario,2023-02-20,,,"2023-09-07 15:23:08"
D233003,AA-50-GYR-050GYR012-T-25-2023,"ADQUISICIÓN DE CONSUMIBLES DE EQUIPOS DE MEDICO","PRESTACIONES MÉDICAS",Contrato,Abierto,2023-03-31,47560,2208669,SAI,"SERVICIO E INTEGRACIÓN BIÓMEDICA DE MÉXICO, S. A. DE C. V.",21057001,Ordinario,2023-02-20,,,"2023-09-07 15:23:08"
SI23020,AA-50-GYR-050GYR012-N-26-2023,"SERVICIO MEDICO INTEGRAL DE ESTUDIOS DE LABORATORIO CLÍNICO","PRESTACIONES MÉDICAS",Contrato,Abierto,2023-08-31,42294204,2207241,SAI,"BIODIST, S. A. DE C. V.",42060417,Ordinario,2023-03-01,,,"2023-09-07 15:23:08"
D233004,AA-50-GYR-050GYR012-N-27-2023,"PARA LA ADQUISICIÓN DE CONSUMIBLE DE EQUIPO DE CÓMPUTO PARA EL AÑO 2023","PRESTACIONES MÉDICAS",Contrato,Abierto,2023-04-14,4660880,2772768,SAI,"OFIVILLANELY, S DE RL DE CV",21053004,Bienestar,2023-02-27,,,"2023-09-07 15:23:08"
C3M0029,LA--50GYR-050GYR012-N-11-2023,"SERVICIOS DE MANTENIMIENTO PREVENTIVO A EQUIPOS Y UNIDADES MÉDICAS Y ADMINISTRATIVAS","DEPARTAMENTO DE CONSERVACIÓN Y SERVICIOS GENERALES",Contrato,Abierto,2023-12-31,776740.81,3982-03977-4,SAI,"COMERCIALIZADORA BACROS, S. A. DE C. V.",42062509,Ordinario,2023-02-28,,,"2023-09-07 15:23:08"
CO23021,LA--50GYR-050GYR012-N-11-2023,"SERVICIOS DE MANTENIMIENTO PREVENTIVO A EQUIPOS Y UNIDADES MÉDICAS Y ADMINISTRATIVAS","DEPARTAMENTO DE CONSERVACIÓN Y SERVICIOS GENERALES",Contrato,Abierto,2023-12-31,222524.02,2775399,SAI,"DAVID IVAN GARCÍA AGUILAR",42062502,Ordinario,2023-02-28,,,"2023-09-07 15:23:08"
C3M0030,LA--50GYR-050GYR012-N-11-2023,"SERVICIOS DE MANTENIMIENTO PREVENTIVO A EQUIPOS Y UNIDADES MÉDICAS Y ADMINISTRATIVAS","DEPARTAMENTO DE CONSERVACIÓN Y SERVICIOS GENERALES",Contrato,Abierto,2023-12-31,1101600.75,2775395,SAI,"DAVID IVAN GARCÍA AGUILAR",42062506,Ordinario,2023-02-28,,,"2023-09-07 15:23:08"
C3M0031,LA--50GYR-050GYR012-N-11-2023,"SERVICIOS DE MANTENIMIENTO PREVENTIVO A EQUIPOS Y UNIDADES MÉDICAS Y ADMINISTRATIVAS","DEPARTAMENTO DE CONSERVACIÓN Y SERVICIOS GENERALES",Contrato,Abierto,2023-12-31,1278164.75,3775402,SAI,"DAVID IVAN GARCÍA AGUILAR",42062509,Ordinario,2023-02-28,,,"2023-09-07 15:23:08"
S3M0032,LA--50GYR-050GYR012-N-11-2023,"SERVICIOS DE MANTENIMIENTO PREVENTIVO A EQUIPOS Y UNIDADES MÉDICAS Y ADMINISTRATIVAS","DEPARTAMENTO DE CONSERVACIÓN Y SERVICIOS GENERALES",Contrato,Abierto,2023-12-31,1048720,2775383,SAI,"DAVID IVAN GARCÍA AGUILAR",42062511,Ordinario,2023-02-28,,,"2023-09-07 15:23:08"
C3M0033,LA--50GYR-050GYR012-N-11-2023,"SERVICIOS DE MANTENIMIENTO PREVENTIVO A EQUIPOS Y UNIDADES MÉDICAS Y ADMINISTRATIVAS","DEPARTAMENTO DE CONSERVACIÓN Y SERVICIOS GENERALES",Contrato,Abierto,2023-12-31,1572960,2774753,SAI,"GROUP CHEMICAL SANSO, S. A. DE C. V.",42062509,Ordinario,2023-02-28,,,"2023-09-07 15:23:08"
C3M0034,LA--50GYR-050GYR012-N-11-2023,"SERVICIOS DE MANTENIMIENTO PREVENTIVO A EQUIPOS Y UNIDADES MÉDICAS Y ADMINISTRATIVAS","DEPARTAMENTO DE CONSERVACIÓN Y SERVICIOS GENERALES",Contrato,Abierto,2023-12-31,190008,3720-14029-6,SAI,"JONATHAN FACIO GALVAN",42062509,Ordinario,2023-02-28,,,"2023-09-07 15:23:08"
C3M0035,LA--50GYR-050GYR012-N-11-2023,"SERVICIOS DE MANTENIMIENTO PREVENTIVO A EQUIPOS Y UNIDADES MÉDICAS Y ADMINISTRATIVAS","DEPARTAMENTO DE CONSERVACIÓN Y SERVICIOS GENERALES",Contrato,Abierto,2023-12-31,27836.52,2349639-0000,SAI,"MARIA TERESA NOVOA VALLE",42062509,Ordinario,2023-02-28,,,"2023-09-07 15:23:08"
CO23022,LA--50GYR-050GYR012-N-11-2023,"SERVICIOS DE MANTENIMIENTO PREVENTIVO A EQUIPOS Y UNIDADES MÉDICAS Y ADMINISTRATIVAS","DEPARTAMENTO DE CONSERVACIÓN Y SERVICIOS GENERALES",Contrato,Abierto,2023-12-31,111174.4,2349639-0000,SAI,"MARIA TERESA NOVOA VALLE",42062508,Ordinario,2023-02-28,,,"2023-09-07 15:23:08"
S3M0044,LA--50GYR-050GYR012-N-11-2023,"SERVICIOS DE MANTENIMIENTO PREVENTIVO A EQUIPOS Y UNIDADES MÉDICAS Y ADMINISTRATIVAS","DEPARTAMENTO DE CONSERVACIÓN Y SERVICIOS GENERALES",Contrato,Abierto,2023-12-31,330195.66,BKY-0024-0148543,SAI,"PROINCOLIMA, S. A. DE C. V.",42062511,Ordinario,2023-02-28,,,"2023-09-07 15:23:08"
C3M0045,LA--50GYR-050GYR012-N-11-2023,"SERVICIOS DE MANTENIMIENTO PREVENTIVO A EQUIPOS Y UNIDADES MÉDICAS Y ADMINISTRATIVAS","DEPARTAMENTO DE CONSERVACIÓN Y SERVICIOS GENERALES",Contrato,Abierto,2023-12-31,401438.06,BKY-0024-0148536,SAI,"PROINCOLIMA, S. A. DE C. V.",42062506,Ordinario,2023-02-28,,,"2023-09-07 15:23:08"
D233006,LA-50-GYR-050GYR012-N-10-2023,"ADQUISICIÓN DE CONSUMIBLE DE EQUIPO DE CÓMPUTO GRUPO 372","DEPARTAMENTO DE SUMINISTRO Y CONTROL DEL ABASTO",Contrato,Abierto,2023-08-31,8356965,2772752,SAI,"OFIVILLANELY, S DE RL DE CV",21053004,Ordinario,2023-03-01,,,"2023-09-07 15:23:08"
C3M0036,AA-50-GYR-050GYR012-N-31-2023,"SERVICIO DE MANTENIMIENTO CORRECTIVO A EQUIPOS CHILLER DEL HGZ 10","DEPARTAMENTO DE CONSERVACIÓN Y SERVICIOS GENERALES",Contrato,Abierto,2023-12-31,11759404,2774197,SAI,"GROUP CHEMICAL SANSO, S. A. DE C. V.",42062509,Ordinario,2023-03-03,,,"2023-09-07 15:23:08"
"002 SI22076",AA-050GYR012-E369-2022,"ADQUISICIÓN DE BIENES DE OSTEOSINTESIS Y ENDOPROTESIS BAJO EL ESQUEMA DE INVENTARIO CERO","PRESTACIONES MÉDICAS",Convenio,Abierto,2023-03-16,0,2397425-0000,SAI,"BOUNES, S. A. DE C. V.",42060406,Ordinario,2023-10-31,,,"2023-09-07 15:23:08"
SI23023,AA-50-GYR-050GYR012-N-39-2023,"SERVICIO INTEGRAL DE HIGIENE DE MANOS","PRESTACIONES MÉDICAS",Contrato,Abierto,2023-06-30,2165583,1404-03254-9,SAI,"MEDITIVA MEDICAL, S. A. DE C. V. EN PART. CONJUNTA CON ANPE GRUMED, S. DE R. L. DE C. V.",42060420,Ordinario,2023-03-10,,,"2023-09-07 15:23:08"
S3M0037,AA-50-GYR-050GYR012-N-40-2023,"SERVICIO MEDICO SUBROGADO DE HEMODINAMIA","PRESTACIONES MÉDICAS",Contrato,Abierto,2023-04-30,600000,2417698-0000,SAI,"INSTITUTO CARDIOLOGICO Y ENDOVASCULAR, S. A. DE C. V.",42062106,Ordinario,2023-03-13,,,"2023-09-07 15:23:08"
S3M0038,AA-50-GYR-050GYR012-N-40-2023,"SERVICIO MEDICO SUBROGADO DE HEMODINAMIA","PRESTACIONES MÉDICAS",Contrato,Abierto,2023-04-30,600000,2417688-0000,SAI,"INSTITUTO CARDIOLOGICO Y ENDOVASCULAR, S. A. DE C. V.",42062106,Bienestar,2023-03-13,,,"2023-09-07 15:23:08"
D233007,AA-50-GYR-050GYR012-T-45-2023,"ADQUISICIÓN DE CONSUMIBLES DE EQUIPOS DE BOMBAS DE INFUSIÓN PARA EL PROGRAMA IMSS BIENESTAR","PRESTACIONES MÉDICAS",Contrato,Abierto,2023-06-30,1308744.12,2788841,SAI,"DISTRIBUIDOR MEDICO TECNOMED, S. A. DE C. V.",21057001,Bienestar,2023-03-13,,,"2023-09-07 15:23:08"
S3M0040,AA-50-GYR-050GYR012-N-48-2023,"SERVICIO DE LIMPIEZA A UNIDADES","PRESTACIONES MÉDICAS",Contrato,Abierto,2023-04-30,3585213.25,2775146,SAI,"GALBHER, S. A. DE C. V.",42062107,Bienestar,2023-03-17,,,"2023-09-07 15:23:08"
D233008,AA-50-GYR-050GYR012-T-50-2023,"ADQUISICIÓN DE CONSUMIBLES DE EQUIPO MEDICO ","PRESTACIONES MÉDICAS",Contrato,Abierto,2023-06-30,557391.62,2788845,SAI,"DISTRIBUIDOR MEDICO TECNOMED, S. A. DE C. V.",21057001,Ordinario,2023-03-15,,,"2023-09-07 15:23:08"
D233009,AA-50-GYR-050GYR012-T-50-2023,"ADQUISICIÓN DE CONSUMIBLES DE EQUIPO MEDICO ","PRESTACIONES MÉDICAS",Contrato,Abierto,2023-06-30,145000,"No aplica",SAI,"MEDITIVA MEDICAL, S. A. DE C. V.  ",21057001,Ordinario,2023-03-15,,,"2023-09-07 15:23:08"
S3M0041,AA-50-GYR-050GYR012-N-49-2023,"SERVICIO MÉDICO SUBROGADO DE (ESTUDIO) USG PROSTÁTICO TRANSRECTAL CON TOMA DE BIOPSIA","PRESTACIONES MÉDICAS",Contrato,Abierto,2023-12-31,153120,BKY-0024-0144093,SAI,"GABRIELA CARLOTA LEGUER RETOLAZA",42062106,Ordinario,2023-03-22,,,"2023-09-07 15:23:08"
"003 SI22039",AA-050GYR012-E157-2022,"SERVICIO MÉDICO INTEGRAL DE HEMODIALISIS INTERNA PARA EL PROGRAMA","PRESTACIONES MÉDICAS",Convenio,Abierto,2023-03-31,0,3453-07219-2,SAI,"NIPRO MEDICAL DE MÉXICO, SA DE CV",0,Bienestar,1000-10-10,,,"2023-09-07 15:23:08"
D233010,AA-50-GYR012-T-53-2023,"PARA LA ADQUISICIÓN DE CONSUMIBLES DE EQUIPO MEDICO PARA EL EJERCICIO 2023 PROGRAMA IMSS BIENESTAR","PRESTACIONES MÉDICAS",Contrato,Abierto,2023-09-30,448572,2787158,SAI,"ANPE GRUMED, S. DE R. L. DE C. V.",21057001,Bienestar,2023-03-24,,,"2023-09-07 15:23:08"
D233011,AA-50-GYR012-T-53-2023,"PARA LA ADQUISICIÓN DE CONSUMIBLES DE EQUIPO MEDICO PARA EL EJERCICIO 2023 PROGRAMA IMSS BIENESTAR","PRESTACIONES MÉDICAS",Contrato,Abierto,2023-09-30,194060.62,BKY-0498-0147743,SAI,"AZTEC MEDIC, S. A. DE C. V.",21057001,Bienestar,2023-03-24,,,"2023-09-07 15:23:08"
D233016,AA-50-GYR012-T-53-2023,"PARA LA ADQUISICIÓN DE CONSUMIBLES DE EQUIPO MEDICO PARA EL EJERCICIO 2023 PROGRAMA IMSS BIENESTAR","PRESTACIONES MÉDICAS",Contrato,Abierto,2023-09-30,189544,"No aplica",SAI,"COMERCIALIZADORA DARCAN, S. A. DE C. V.",21057001,Bienestar,2023-03-24,,,"2023-09-07 15:23:08"
D233012,AA-50-GYR012-T-53-2023,"PARA LA ADQUISICIÓN DE CONSUMIBLES DE EQUIPO MEDICO PARA EL EJERCICIO 2023 PROGRAMA IMSS BIENESTAR","PRESTACIONES MÉDICAS",Contrato,Abierto,2023-09-30,218706.17,2778105,SAI,"HOSPITECNICA, S. A. DE C. V.",21057001,Bienestar,2023-03-24,,,"2023-09-07 15:23:08"
D233013,AA-50-GYR012-T-53-2023,"PARA LA ADQUISICIÓN DE CONSUMIBLES DE EQUIPO MEDICO PARA EL EJERCICIO 2023 PROGRAMA IMSS BIENESTAR","PRESTACIONES MÉDICAS",Contrato,Abierto,2023-09-30,141752,"No aplica",SAI,"MEDITIVA MEDICAL, S. A. DE C. V.",21057001,Bienestar,2023-03-24,,,"2023-09-07 15:23:08"
D233014,AA-50-GYR012-T-53-2023,"PARA LA ADQUISICIÓN DE CONSUMIBLES DE EQUIPO MEDICO PARA EL EJERCICIO 2023 PROGRAMA IMSS BIENESTAR","PRESTACIONES MÉDICAS",Contrato,Abierto,2023-09-30,28420,2211492,SAI,"SERVICIO E INTEGRACIÓN BIÓMEDICA DE MÉXICO, S. A. DE C. V.",21057001,Bienestar,2023-03-24,,,"2023-09-07 15:23:08"
D233015,AA-50-GYR012-T-53-2023,"PARA LA ADQUISICIÓN DE CONSUMIBLES DE EQUIPO MEDICO PARA EL EJERCICIO 2023 PROGRAMA IMSS BIENESTAR","PRESTACIONES MÉDICAS",Contrato,Abierto,2023-09-30,132240,1772669,SAI,"TECNO COMERCIAL PAKTLI, S.A . DE C. V.",21057001,Bienestar,2023-03-24,,,"2023-09-07 15:23:08"
S3M0043,AA-50-GYR-050GYR012-N-59-2023,"SERVICIOS MÉDICOS SUBROGADOS DE ESTUDIOS","PRESTACIONES MÉDICAS",Contrato,Abierto,2023-05-31,558073,2417710-0000,SAI,"ENRIQUE AUGUSTO SÁNCHEZ CARDENAS",42062106,Ordinario,2023-03-31,,,"2023-09-07 15:23:08"
SI23024,LA-50-GYR-050GYR012-T-9-2023,"ADQUISICIÓN Y COLOCACIÓN DE BIENES DE OSTEOSINTESIS Y ENDOPROTESIS","PRESTACIONES MÉDICAS",Contrato,Abierto,2023-12-31,1218000,3469,SAI,"PRODUCTOS MÉDICOS Y MATERIALES PARA LA SALUD, S. A. DE C. V.",42060406,Ordinario,2023-03-27,,,"2023-09-07 15:23:08"
SI23025,LA-50-GYR-050GYR012-T-9-2023,"ADQUISICIÓN Y COLOCACIÓN DE BIENES DE OSTEOSINTESIS Y ENDOPROTESIS","PRESTACIONES MÉDICAS",Contrato,Abierto,2023-12-31,1160000,3468,SAI,"PRODUCTOS MÉDICOS Y MATERIALES PARA LA SALUD, S. A. DE C. V.",42060406,Ordinario,2023-03-27,,,"2023-09-07 15:23:08"
SI23026,LA-50-GYR-050GYR012-T-9-2023,"ADQUISICIÓN Y COLOCACIÓN DE BIENES DE OSTEOSINTESIS Y ENDOPROTESIS","PRESTACIONES MÉDICAS",Contrato,Abierto,2023-12-31,220400,III-611316-RC,SAI,"STRAUMA DE MÉXICO, S. A. DE C. V.",42060406,Ordinario,2023-03-27,,,"2023-09-07 15:23:08"
SI23027,LA-50-GYR-050GYR012-T-9-2023,"ADQUISICIÓN Y COLOCACIÓN DE BIENES DE OSTEOSINTESIS Y ENDOPROTESIS","PRESTACIONES MÉDICAS",Contrato,Abierto,2023-12-31,255200,2780217,SAI,"DESARROLLOS BIOTECNOLÓGICOS DEL BAJÍO, S. A. DE C. V.",42060406,Ordinario,2023-03-27,,,"2023-09-07 15:23:08"
SI23028,AA-50-GYR-050GYR012-N-77-2023,"SERVICIO MÉDICO INTEGRAL DE ESTUDIOS DE LABORATORIO CLÍNICO CON LABORATORIOS ALTERNOS Y LABORATORIOS DE REFERENCIA PARA EL PROGRAMA IMSS-BIENESTAR","PRESTACIONES MÉDICAS",Contrato,Abierto,2023-04-30,10095292,2211567,SAI,"BIODIST, S. A. DE C. V.",42060417,Bienestar,2023-04-05,,,"2023-09-07 15:23:08"
SG23029,AA-50-GYR-050GYR012-N-68-2023,"SERVICIO DE SUMINISTRO DE GAS LP EN CILINDROS Y ESTACIONARIO PARA LOS HOSPITALES IMSS BIENESTAR","PRESTACIONES MÉDICAS",Contrato,Abierto,2023-06-30,2084887,III-608777-RC,SAI,"GAS MENGUC S.A. DE C.V.",42061105,Bienestar,2023-04-03,,,"2023-09-07 15:23:08"
"003 SI22076",AA-050GYR012-E369-2022,"ADQUISICIÓN DE BIENES DE OSTEOSINTESIS Y ENDOPROTESIS BAJO EL ESQUEMA DE INVENTARIO CERO","PRESTACIONES MÉDICAS",Convenio,Abierto,2023-03-16,1200000,2397425-0000,SAI,"BOUNES, S. A. DE C. V.",42060406,Ordinario,2023-10-31,,,"2023-09-07 15:23:08"
"002 S2M0118",AA-050GYR012-E311-2022,"SERVICIOS MEDICOS SUBROGADOS DE ENDOSCOPIAS","PRESTACIONES MÉDICAS",Convenio,Abierto,2023-03-31,417600,"No aplica",SAI,"SANITAS COLIMA, S. A. DE C. V.",42062106,Ordinario,2022-09-19,,,"2023-09-07 15:23:08"
SG23030,LA-50-GYR-050GYR012-N-51-2023,"SERVICIO DE FOTOCOPIADO, PARA EL PROGRAMA  IMSS-BIENESTAR","PRESTACIONES MÉDICAS",Contrato,Abierto,2023-12-31,396720,2418484-0000,SAI,"JOSE CARLOS VILLARREAL CARDENAS",42062421,Bienestar,2023-05-01,,,"2023-09-07 15:23:08"
S3M0046,AA-50-GYR-050GYR012-N-71-2023,"SERVICIO DE RECOLECCIÓN, TRANSPORTE EXTERNO, LAVADO, DOBLADO, EMPAQUETADO Y ENTREGA DE ROPA LIMPIA HOSPITALARIA PARA EL PROGRAMA IMSS-BIENESTAR","PRESTACIONES MÉDICAS",Contrato,Abierto,2023-05-31,1599839.5,III-609134-RC,SAI,"SERVICIO ESTRELLA AZUL DE OCCIDENTE, S. A. DE C. V.",0,Bienestar,2023-04-05,,,"2023-09-07 15:23:08"
SI23031,LA-50-GYR-050GYR012-N-52-2023,"SERVICIO MEDICO SUBROGADO DE CENTRAL DE MEZCLAS","PRESTACIONES MÉDICAS",Contrato,Abierto,2023-12-31,1200000,2784209,SAI,"PRODUCTOS HOSPITALARIOS, SA DE CV",42060321,Bienestar,2023-04-11,,,"2023-09-07 15:23:08"
C3M0047,AA-50-GYR-050GYR012-N-80-2023,"SERVICIO DE MANTENIMIENTO PREVENTIVO DE ELEVADORES ","DEPARTAMENTO DE CONSERVACIÓN Y SERVICIOS GENERALES",Contrato,Abierto,2023-12-31,1102234.25,2214274,SAI,"ELEVADORES OTIS, S. DE R.L. DE C.V.",42062509,Ordinario,2023-04-21,,,"2023-09-07 15:23:08"
C3M0048,AA-50-GYR-050GYR012-N-80-2023,"SERVICIO DE MANTENIMIENTO PREVENTIVO Y CORRECTIVO A PLANTA DE TRATAMIENTO DE AGUAS RESIDUALES","DEPARTAMENTO DE CONSERVACIÓN Y SERVICIOS GENERALES",Contrato,Abierto,2023-12-31,880985.19,2220303,SAI,"GRUPO MAI MEX, S.A. DE C.V.",42062509,Ordinario,2023-04-21,,,"2023-09-07 15:23:08"
CO23032,AA-50-GYR-050GYR012-N-79-2023,"SERVICIO DE MANTENIMIENTO CORRECTIVO DE EQUIPOS MÉDICOS DE ENDOSCOPIAS DEL HGZ 1","DEPARTAMENTO DE CONSERVACIÓN Y SERVICIOS GENERALES",Contrato,Abierto,2023-12-31,500037.75,2784352,SAI,"GRUPO ORINLA, S. A. DE C. V.",42062508,Ordinario,2023-04-21,,,"2023-09-07 15:23:08"
"001 SI22081",LA-050GYR027-E427-2022,"SERVICIO MÉDICO INTEGRAL DE HEMODIÁLISIS SUBROGADA 2023 PARTIDA 1","PRESTACIONES MÉDICAS",Convenio,Abierto,2023-04-25,5303344.5,"No aplica",SAI,"PISA EQUIPOS BIOMEDICOS, SA DE CV EN PARTICIPACIÓN CONJUNTA CON PRODUCTOS HOSPITALARIOS, S. A. DE C. V.",0,Ordinario,2023-01-01,,,"2023-09-07 15:23:08"
"001 SI22082",LA-050GYR027-E427-2022,"SERVICIO MÉDICO INTEGRAL DE HEMODIÁLISIS SUBROGADA 2023 PARTIDA 2","PRESTACIONES MÉDICAS",Convenio,Abierto,2023-04-25,1874862.75,2750696,SAI,"PISA EQUIPOS BIOMEDICOS, SA DE CV EN PARTICIPACIÓN CONJUNTA CON PRODUCTOS HOSPITALARIOS, S. A. DE C. V.",0,Ordinario,2023-01-01,,,"2023-09-07 15:23:08"
SI23033,AA-50-GYR-050GYR012-T-81-2023,"PARA LA ADQUISICIÓN Y COLOCACIÓN DE BIENES DE OSTEOSINTESIS Y ENDOPROTESIS","PRESTACIONES MÉDICAS",Contrato,Abierto,2023-12-31,4094800,1404-03371-1,SAI,"MEDITIVA MEDICAL, S. A. DE C. V.",42060406,Ordinario,2023-04-21,,,"2023-09-07 15:23:08"
S3M0056,AA-50-GYR-050GYR012-N-93-2023,"SERVICIO MEDICO SUBROGADO DE ESTUDIO DE FLUOROSCOPIA TRANSOPERATORIA PARA EL HOSPITAL GENERAL DE TECOMÁN Y EL HOSPITAL GENERAL DE MANZANILLO DEL IMSS-BIENESTAR","PRESTACIONES MÉDICAS",Contrato,Abierto,2023-05-31,696000,2437791-0000,SAI,"GRISELDA GUADALUPE CANO DÍAZ",42062106,Bienestar,2023-04-28,,,"2023-09-07 15:23:08"
SI23034,AA-50-GYR-050GYR012-N-95-2023,"SERVICIO MÉDICO INTEGRAL DE HEMODIÁLISIS SUBROGADA 2023 (PARTIDA 1)","PRESTACIONES MÉDICAS",Contrato,Abierto,2023-06-15,17865676,2790393,SAI,"PISA EQUIPOS BIOMEDICOS, S. A. DE C. V. EN PARTICIPACIÓN CONJUNTA CON PRODUCTOS HOSPITALARIOS, S. A. DE C. V.",42061604,Ordinario,2023-04-26,,,"2023-09-07 15:23:08"
SI23035,AA-50-GYR-050GYR012-N-95-2023,"SERVICIO MÉDICO INTEGRAL DE HEMODIÁLISIS SUBROGADA 2023 (PARTIDA 2)","PRESTACIONES MÉDICAS",Contrato,Abierto,2023-06-15,5177476.5,2790401,SAI,"PISA EQUIPOS BIOMEDICOS, S. A. DE C. V. EN PARTICIPACIÓN CONJUNTA CON PRODUCTOS HOSPITALARIOS, S. A. DE C. V.",42061604,Ordinario,2023-04-26,,,"2023-09-07 15:23:08"
S3M0050,AA-50-GYR-050GYR012-N-100-2023,"SERVICIO DE FLETES PARA UNIDADES DE IMSS BIENESTAR","PRESTACIONES MÉDICAS",Contrato,Abierto,2023-07-31,533168,1780820,SAI,"TRANSPORTIUM, S. DE R. L. DE C. V.",42062415,Bienestar,2023-05-03,,,"2023-09-07 15:23:08"
C3M0058,AA-50-GYR-050GYR012-N-102-2023,"SERVICIO DE MANTENIMIENTO CORRECTIVO MAYOR A EQUIPOS ELECTROMECÁNICOS DEL HOSPITAL IMSS BIENESTAR MANZANILLO PARTICULARMENTE A UNIDADES DE AIRE ACONDICIONADO DE DIVERSOS TIPOS Y CAPACIDADES","PRESTACIONES MÉDICAS",Contrato,Abierto,2023-05-31,402184,2436994-0000,SAI,"ROGELIO EMILIO GONZÁLEZ RICO",42062509,Bienestar,2023-05-04,,,"2023-09-07 15:23:08"
"001 SG22042",AA-050GYR012-E174-2022,"SERVICIO DE SEGURIDAD SUBROGADA EN UNIDADES MÉDICAS DEL PROGRAMA IMSS-BIENESTAR","PRESTACIONES MÉDICAS",Convenio,Abierto,2023-02-05,1748783.5,32200003914,SAI,"SERVICIOS INDUSTRIALES E INSTITUCIONALES, S. A. DE C. V.",42062414,Bienestar,2022-07-11,,,"2023-09-07 15:23:08"
"001 S3M0038",AA-50-GYR-050GYR012-N-40-2023,"SERVICIO MEDICO SUBROGADO DE HEMODINAMIA PARA IMSS BIENESTAR","PRESTACIONES MÉDICAS",Convenio,Abierto,2023-12-31,0,2417688-0000,SAI,"INSTITUTO CARDIOLOGICO Y ENDOVASCULAR, S. A. DE C. V.",42062106,Bienestar,2023-03-13,,,"2023-09-07 15:23:08"
S3M0051,AA-50-GYR-050GYR012-N-107-2023,"SERVICIO DE ARRENDAMIENTO DE VEHICULOS PARA EL PROGRAMA IMSS BIENESTAR","PRESTACIONES MÉDICAS",Contrato,Abierto,2023-07-31,287999.94,1142-02865-5,SAI,"CASANOVA VALLEJO, S. A.. DE C. V.",42061303,Bienestar,2023-05-11,,,"2023-09-07 15:23:08"
D3M0052,LA-50-GYR-050GYR012-N-66-2023,"ADQUISICIÓN DE VÍVERES PARA EL PROGRAMA IMSS BIENESTAR","PRESTACIONES MÉDICAS",Contrato,Abierto,2023-12-31,5174776.5,2794321,SAI,"PERLOP OPERADORA DE ALIMENTOS, S. A. DE C. V.",42060801,Bienestar,2023-05-11,,,"2023-09-07 15:23:08"
"001 SI22080",LA-050GYR027-E426-2022,"SERVICIO MEDICO INTEGRAL DE HEMODIALISIS INTERNA PARA 2023 (REGIONAL)","PRESTACIONES MÉDICAS",Convenio,Abierto,2023-06-12,0,"001 SI22080",SAI,"NIPRO MEDICAL DE MÉXICO, SA DE CV",0,Ordinario,2023-01-01,,,"2023-09-07 15:23:08"
P3M0053,AA-50-GYR-050GYR012-N-99-2023,"SERVICIOS DE CAPACITACIÓN EXTERNA PARA LOS SERVIDORES PÚBLICOS (PARTIDA 1 CURSO ACLS)","DEPARTAMENTO DE CAPACITACIÓN Y TRANSPARENCIA",Contrato,Abierto,2023-12-31,303000,067458-00000,SAI,"JOSÉ FRANCISCO ALONZO DOMINGUEZ",42060257,Ordinario,2023-05-12,,,"2023-09-07 15:23:08"
P3M0054,AA-50-GYR-050GYR012-N-99-2023,"SERVICIOS DE CAPACITACIÓN EXTERNA PARA LOS SERVIDORES PÚBLICOS (PARTIDA 2 CURSO BLS)","DEPARTAMENTO DE CAPACITACIÓN Y TRANSPARENCIA",Contrato,Abierto,2023-12-31,150000,067460-00000,SAI,"JOSÉ FRANCISCO ALONZO DOMINGUEZ",42060257,Ordinario,2023-12-31,,,"2023-09-07 15:23:08"
P3M0055,AA-50-GYR-050GYR012-N-99-2023,"SERVICIOS DE CAPACITACIÓN EXTERNA PARA LOS SERVIDORES PÚBLICOS (PARTIDA 3 CURSO DESARROLLO DIRECTIVO)","DEPARTAMENTO DE CAPACITACIÓN Y TRANSPARENCIA",Contrato,Abierto,2023-12-31,200000,1.62E+14,SAI,"COLEGIO INTERAMERICANO DE COMPUTACIÓN, S. C.",42060257,Ordinario,2023-12-31,,,"2023-09-07 15:23:08"
SI23036,AA-50-GYR-050GYR012-N-112-2023,"SERVICIO MEDICO INTEGRAL DE HEMODIALISIS INTERNA PARA EL PROGRAMA IMSS BIENESTAR","PRESTACIONES MÉDICAS",Contrato,Abierto,2023-12-31,7413444,3453-07480-8,SAI,"NIPRO MEDICAL DE MÉXICO, SA DE CV",42060418,Bienestar,2023-05-15,,,"2023-09-07 15:23:08"
"001 D3M0013",AA-050GYR012-E478-2022,"ADQUISICIÓN DE VÍVERES PARA HOSPITALES IMSS BIENESTAR","PRESTACIONES MÉDICAS",Convenio,Abierto,2023-04-30,9789975,2398866-0000,SAI,"FRANCISCO VEGA CARRILLO",42060801,Bienestar,2023-01-01,,,"2023-09-07 15:23:08"
"001 D3M0001",AA-050GYR012-E478-2022,"ADQUISICIÓN DE VÍVERES PARA HOSPITALES IMSS BIENESTAR","PRESTACIONES MÉDICAS",Convenio,Abierto,2023-04-30,454930,Pendiente,SAI,"LAURA MARÍA MÁRQUEZ ESPIRITU",42060801,Bienestar,2023-01-01,,,"2023-09-07 15:23:08"
"001 S3M0040",AA-50-GYR-050GYR012-N-48-2023,"SERVICIO DE LIMPIEZA A UNIDADES","PRESTACIONES MÉDICAS",Convenio,Abierto,2023-05-15,716752.19,2775146,SAI,"GALBHER, S. A. DE C. V.",42062107,Bienestar,2023-03-17,,,"2023-09-07 15:23:08"
"001 D233004",AA-50-GYR-050GYR012-N-27-2023,"PARA LA ADQUISICIÓN DE CONSUMIBLE DE EQUIPO DE CÓMPUTO PARA EL AÑO 2023","PRESTACIONES MÉDICAS",Convenio,Abierto,2023-06-30,0,2772768,SAI,"OFIVILLANELY, S DE RL DE CV",21053004,Bienestar,2023-02-27,,,"2023-09-07 15:23:08"
"001 SI23028",AA-50-GYR-050GYR012-N-77-2023,"SERVICIO MÉDICO INTEGRAL DE ESTUDIOS DE LABORATORIO CLÍNICO CON LABORATORIOS ALTERNOS Y LABORATORIOS DE REFERENCIA PARA EL PROGRAMA IMSS-BIENESTAR","PRESTACIONES MÉDICAS",Convenio,Abierto,2023-05-31,2000000,2211567,SAI,"BIODIST, S. A. DE C. V.",42060417,Bienestar,2023-04-05,,,"2023-09-07 15:23:08"
S3M0057,AA-50-GYR-050GYR012-N-121-2023,"SERVICIO DE CONTROL DE FAUNA NOCIVA POR MEDIOS FÍSICOS QUÍMICOS Y MECÁNICOS EN LAS INSTALACIONES DE LOS SERVICIOS DE SALUD DE IMSS BIENESTAR","PRESTACIONES MÉDICAS",Contrato,Abierto,2023-07-31,103642.75,2428378-0000,SAI,"PABLO ENRIQUE RAMÍREZ CASTILLO",42062511,Bienestar,2023-05-22,,,"2023-09-07 15:23:08"
006-1132/2019,AA-050GYR012-E82-2019,"SERVICIO DE GUARDERÍA","DEPARTAMENTO DE GUARDERÍAS",Convenio,Abierto,2023-12-31,12545979,1965457,SAI,"ESTANCIA INFANTIL LA CASA DEL SOL, S.C.",42062105,Ordinario,2023-04-01,,,"2023-09-07 15:23:08"
006-1133/2019,AA-050GYR012-E82-2019,"SERVICIO DE GUARDERÍA","DEPARTAMENTO DE GUARDERÍAS",Convenio,Abierto,2023-12-31,10632185,2066636-0000,SAI,"GUARDERIA Y JARDIN DE NIÑOS PRIMAVERA, S.C.",42062105,Ordinario,2023-04-01,,,"2023-09-07 15:23:08"
007-1215/2019,AA-050GYR012-E82-2019,"SERVICIO DE GUARDERÍA","DEPARTAMENTO DE GUARDERÍAS",Convenio,Abierto,2023-12-31,17862070,036560-00000,SAI,"INSTITUTO INFANCIA VANGUARDISTA, S.C.",42062105,Ordinario,2023-04-01,,,"2023-09-07 15:23:08"
007-1260/2019,AA-050GYR012-E82-2019,"SERVICIO DE GUARDERÍA","DEPARTAMENTO DE GUARDERÍAS",Convenio,Abierto,2023-12-31,17862070,036556-00000,SAI,"INSTITUTO INFANCIA VANGUARDISTA, S.C.",42062105,Ordinario,2023-04-01,,,"2023-09-07 15:23:08"
006-1455/2019,AA-050GYR012-E82-2019,"SERVICIO DE GUARDERÍA","DEPARTAMENTO DE GUARDERÍAS",Convenio,Abierto,2023-12-31,7708356.5,1965475,SAI,"CENTRO DESARROLLO INFANTIL MAHATMA GANDHI, S.C.",42062105,Ordinario,2023-04-01,,,"2023-09-07 15:23:08"
005-GU21065,LA-050GYR012-E386-2021,"SERVICIO DE GUARDERÍA","DEPARTAMENTO DE GUARDERÍAS",Convenio,Abierto,2026-12-31,7088123,3720-13604-2,SAI,"ESTANCIA PARA MENORES DE ARMERIA, A.C.",42062105,Ordinario,2022-01-01,,,"2023-09-07 15:23:08"
005-GU21066,LA-050GYR012-E386-2021,"SERVICIO DE GUARDERÍA","DEPARTAMENTO DE GUARDERÍAS",Convenio,Abierto,2026-12-31,16019159,2313181-0000,SAI,"CENTRO INFANTIL PARA HIJOS DE MADRES ASEGURADAS GUARDERIA Y JARDIN DE NIÑOS, S.C.",42062105,Ordinario,2023-04-01,,,"2023-09-07 15:23:08"
005-GU21067,LA-050GYR012-E386-2021,"SERVICIO DE GUARDERÍA","DEPARTAMENTO DE GUARDERÍAS",Convenio,Abierto,2026-12-31,10632185,2237793-0000,SAI,"GUARDERIA VILLA DE ALVAREZ, A.C.",42062105,Ordinario,2022-01-01,,,"2023-09-07 15:23:08"
005-GU21069,AA-050GYR012-E488-2021,"SERVICIO DE GUARDERÍA","DEPARTAMENTO DE GUARDERÍAS",Convenio,Abierto,2026-12-31,2806516,3720-13611-0,SAI,"GUARDERIA INFANTIL PEQUE FELIZ, S.C.",42062105,Ordinario,2022-01-01,,,"2023-09-07 15:23:08"
005-GU21070,AA-050GYR012-E488-2021,"SERVICIO DE GUARDERÍA","DEPARTAMENTO DE GUARDERÍAS",Convenio,Abierto,2026-12-31,8080461.5,3071-32752-0,SAI,"PROINFANCIA DE COLIMA, A.C.",42062105,Ordinario,2022-01-01,,,"2023-09-07 15:23:08"
002-GU22061,LA-050GYR012-E193-2022,"SERVICIO DE GUARDERÍA","DEPARTAMENTO DE GUARDERÍAS",Convenio,Abierto,2026-12-31,14961157,052127-00000,SAI,"PLAN DE RETIRO GINCUL, S.C.",42062105,Ordinario,2022-09-07,,,"2023-09-07 15:23:08"
002-GU23002,LA-050GYR012-E400-2022,"SERVICIO DE GUARDERÍA","DEPARTAMENTO DE GUARDERÍAS",Convenio,Abierto,2023-12-31,12663168,2342875-0000,SAI,"CHAMI, S.C.",42062105,Ordinario,2023-01-01,,,"2023-09-07 15:23:08"
002-GU23003,LA-050GYR012-E400-2022,"SERVICIO DE GUARDERÍA","DEPARTAMENTO DE GUARDERÍAS",Convenio,Abierto,2027-12-31,17175332,058513-00000,SAI,"INSTITUTO CULTURAL DEL INFANTE, S.C.",42062105,Ordinario,2023-04-01,,,"2023-09-07 15:23:08"
002-GU23004,AA-050GYR012-E475-2022,"SERVICIO DE GUARDERÍA","DEPARTAMENTO DE GUARDERÍAS",Convenio,Abierto,2027-12-31,8805996,2760040,SAI,"CENTRO INFANTIL GANDHI, S.C.",42062105,Ordinario,2023-04-01,,,"2023-09-07 15:23:08"
002-GU23005,AA-050GYR012-E475-2022,"SERVICIO DE GUARDERÍA","DEPARTAMENTO DE GUARDERÍAS",Convenio,Abierto,2027-12-31,14555364,2760038,SAI,"CENTRO INFANTIL GANDHI, S.C.",42062105,Ordinario,2023-04-01,,,"2023-09-07 15:23:08"
002-GU23006,AA-050GYR012-E475-2022,"SERVICIO DE GUARDERÍA","DEPARTAMENTO DE GUARDERÍAS",Convenio,Abierto,2027-12-31,13172605,2760035,SAI,"CENTRO DESARROLLO INFANTIL MAHATMA GANDHI, S.C.",42062105,Ordinario,2023-04-01,,,"2023-09-07 15:23:08"
S3M0059,AA-50-GYR-050GYR012-N-125-2023,"SERVICIO DE LIMPIEZA A UNIDADES","PRESTACIONES MÉDICAS",Contrato,Abierto,2023-07-31,4480251.5,2796319,SAI,"GALBHER, S. A. DE C. V.",42062107,Bienestar,2023-05-24,,,"2023-09-07 15:23:08"
C3M0060,IA-50-GYR-050GYR012-N-117-2023,"SERVICIO DE MANTENIMIENTO CORRECTIVO A UNIDAD GENERADORA DE AGUA HELADA MARCA CARRIER MODELO 19XRV464637KDH64 CON REFACCIONES DEL HGZ 1","DEPARTAMENTO DE CONSERVACIÓN Y SERVICIOS GENERALES",Contrato,Abierto,2023-12-31,809680,2799910,SAI,"GROUP CHEMICAL SANSO, S. A. DE C. V.",42062509,Ordinario,2023-05-26,,,"2023-09-07 15:23:08"
S3M0061,LA-50-GYR-050GYR012-N-90-2023,"SERVICIO DE MENSAJERIA Y PAQUETERIA ","DEPARTAMENTO DE CONSERVACIÓN Y SERVICIOS GENERALES",Contrato,Abierto,2023-12-31,483416,2437141-0000,SAI,"DAVID FIGUEROA FAJARDO",42061501,Ordinario,2023-06-08,,,"2023-09-07 15:23:08"
"001 D233002",AA-50-GYR-050GYR012-T-25-2023,"ADQUISICIÓN DE CONSUMIBLES DE EQUIPOS DE MEDICO","PRESTACIONES MÉDICAS",Convenio,Abierto,2023-06-30,0,Pendiente,SAI,"AZTEC MEDIC, S. A. DE C. V.",21057001,Ordinario,2023-02-20,,,"2023-09-07 15:23:08"
"001 D233003",AA-50-GYR-050GYR012-T-25-2023,"ADQUISICIÓN DE CONSUMIBLES DE EQUIPOS DE MEDICO","PRESTACIONES MÉDICAS",Convenio,Abierto,2023-06-30,0,2208669,SAI,"SERVICIO E INTEGRACIÓN BIÓMEDICA DE MÉXICO, S. A. DE C. V.",21057001,Ordinario,2023-02-20,,,"2023-09-07 15:23:08"
CO23037,LA-50-GYR-050GYR012-N-89-2023,"PARTIDA 1 PRENDAS DE PROTECCIÓN PERSONAL (REFACCIONES)","DEPARTAMENTO DE CONSERVACIÓN Y SERVICIOS GENERALES",Contrato,Abierto,2023-12-31,317498,2799737,SAI,"JOSE LUIS SIERRA VELAZQUEZ",42060509,Ordinario,2023-06-09,,,"2023-09-07 15:23:08"
CO23038,LA-50-GYR-050GYR012-N-89-2023,"PARTIDA 2 CEMENTO Y PRODUCTOS DE CONCRETO (REFACCIONES)","DEPARTAMENTO DE CONSERVACIÓN Y SERVICIOS GENERALES",Contrato,Abierto,2023-12-31,50988,2800091,SAI,"SANDRA TORRES SANCHEZ",42060902,Ordinario,2023-06-09,,,"2023-09-07 15:23:08"
CO23039,LA-50-GYR-050GYR012-N-89-2023,"PARTIDA 3 MATERIAL ELECTRONICO (REFACCIONES)","DEPARTAMENTO DE CONSERVACIÓN Y SERVICIOS GENERALES",Contrato,Abierto,2023-12-31,1974356,2799817,SAI,"ABASTECEDORA Y DISTRIBUIDORA DEL SURESTE",42060906,Ordinario,2023-06-09,,,"2023-09-07 15:23:08"
CO23040,LA-50-GYR-050GYR012-N-89-2023,"PARTIDA 4 ART. METALICOS PARA LA CONSTRUCCION (REFACCIONES)","DEPARTAMENTO DE CONSERVACIÓN Y SERVICIOS GENERALES",Contrato,Abierto,2023-12-31,229502,2800100,SAI,"SANDRA TORRES SANCHEZ",42060907,Ordinario,2023-06-09,,,"2023-09-07 15:23:08"
CO23041,LA-50-GYR-050GYR012-N-89-2023,"PARTIDA 5 MATERIALES COMPLEMENTARIOS (REFACCIONES)","DEPARTAMENTO DE CONSERVACIÓN Y SERVICIOS GENERALES",Contrato,Abierto,2023-12-31,161979,2800247,SAI,"SANDRA TORRES SANCHEZ",42060908,Ordinario,2023-06-09,,,"2023-09-07 15:23:08"
CO23042,LA-50-GYR-050GYR012-N-89-2023,"PARTIDA 6 OTROS MATERIALES Y ART DE CONSTR Y REPARACIÓN (REFACCIONES)","DEPARTAMENTO DE CONSERVACIÓN Y SERVICIOS GENERALES",Contrato,Abierto,2023-12-31,1085435,2800083,SAI,"SANDRA TORRES SANCHEZ",42060909,Ordinario,2023-06-09,,,"2023-09-07 15:23:08"
CO23043,LA-50-GYR-050GYR012-N-89-2023,"PARTIDA 7 OTROS PRODUCTOS QUÍMICO (REFACCIONES)","DEPARTAMENTO DE CONSERVACIÓN Y SERVICIOS GENERALES",Contrato,Abierto,2023-12-31,1311615,2798394,SAI,"OSCAR ALEJANDRO DAMIAN MEZA",42062441,Ordinario,2023-06-09,,,"2023-09-07 15:23:08"
CO23044,LA-50-GYR-050GYR012-N-89-2023,"PARTIDA 8 HERRAMIENTAS MENORES (REFACCIONES)","DEPARTAMENTO DE CONSERVACIÓN Y SERVICIOS GENERALES",Contrato,Abierto,2023-12-31,1074385,2798417,SAI,"OSCAR ALEJANDRO DAMIAN MEZA",42062517,Ordinario,2023-06-09,,,"2023-09-07 15:23:08"
CO23045,LA-50-GYR-050GYR012-N-89-2023,"PARTIDA 9 REFACC Y ACCE MENORES DE EDIFICIOS (REFACCIONES)","DEPARTAMENTO DE CONSERVACIÓN Y SERVICIOS GENERALES",Contrato,Abierto,2023-12-31,677095,2800074,SAI,"SANDRA TORRES SANCHEZ",42062527,Ordinario,2023-06-09,,,"2023-09-07 15:23:08"
CO23046,LA-50-GYR-050GYR012-N-89-2023,"PARTIDA 10 REFACCIONES Y ACC MENORES MOB Y EQUIP ADM (REFACCIONES)","DEPARTAMENTO DE CONSERVACIÓN Y SERVICIOS GENERALES",Contrato,Abierto,2023-12-31,245437,2799986,SAI,"SANDRA TORRES SANCHEZ",42062528,Ordinario,2023-06-09,,,"2023-09-07 15:23:08"
CO23047,LA-50-GYR-050GYR012-N-89-2023,"PARTIDA 11 REFACCIONES Y ACCESORIOS MENORES DE EQUIP E INSTR MED Y DE LABORATORIO (REFACCIONES)","DEPARTAMENTO DE CONSERVACIÓN Y SERVICIOS GENERALES",Contrato,Abierto,2023-12-31,1831914,2799775,SAI,"JOSE LUIS SIERRA VELAZQUEZ",42062529,Ordinario,2023-06-09,,,"2023-09-07 15:23:08"
CO23048,LA-50-GYR-050GYR012-N-89-2023,"PARTIDA 12 REFACC Y ACC MENORES DE MAQUINARIA Y OTROS EQUIP (REFACCIONES)","DEPARTAMENTO DE CONSERVACIÓN Y SERVICIOS GENERALES",Contrato,Abierto,2023-12-31,2114522,2799797,SAI,"JOSE LUIS SIERRA VELAZQUEZ",42062530,Ordinario,2023-06-09,,,"2023-09-07 15:23:08"
D233017,LA-50-GYR-050GYR012-T-67-2023,"ADQUISICIÓN DE CONSUMIBLES DE EQUIPOS DE MEDICO","PRESTACIONES MÉDICAS",Contrato,Abierto,2023-12-31,670043.81,2425266-0000,SAI,"ADVANCED STERILIZATION S DE RL DE CV",21057001,Ordinario,2023-06-05,,,"2023-09-07 15:23:08"
D233018,LA-50-GYR-050GYR012-T-67-2023,"ADQUISICIÓN DE CONSUMIBLES DE EQUIPOS DE MEDICO","PRESTACIONES MÉDICAS",Contrato,Abierto,2023-12-31,311028.47,"No aplica",SAI,"AZTEC MEDIC, S. A. DE C. V.",21057001,Ordinario,2023-06-05,,,"2023-09-07 15:23:08"
D233019,LA-50-GYR-050GYR012-T-67-2023,"ADQUISICIÓN DE CONSUMIBLES DE EQUIPOS DE MEDICO","PRESTACIONES MÉDICAS",Contrato,Abierto,2023-12-31,18635.4,2803321,SAI,"BRUCE MEDICA INTERNACIONAL SA DE CV",21057001,Ordinario,2023-06-05,,,"2023-09-07 15:23:08"
D233020,LA-50-GYR-050GYR012-T-67-2023,"ADQUISICIÓN DE CONSUMIBLES DE EQUIPOS DE MEDICO","PRESTACIONES MÉDICAS",Contrato,Abierto,2023-12-31,167457.59,8111-01082-2,SAI,"CASONATO STEELCO SPA SA DE CV",21057001,Ordinario,2023-06-05,,,"2023-09-07 15:23:08"
D233033,LA-50-GYR-050GYR012-T-67-2023,"ADQUISICIÓN DE CONSUMIBLES DE EQUIPOS DE MEDICO","PRESTACIONES MÉDICAS",Contrato,Abierto,2023-12-31,124681.44,"No aplica",SAI,"COMERCIO OPORTUNO INTEGRAL SA DE CV",21057001,Ordinario,2023-06-05,,,"2023-09-07 15:23:08"
D233021,LA-50-GYR-050GYR012-T-67-2023,"ADQUISICIÓN DE CONSUMIBLES DE EQUIPOS DE MEDICO","PRESTACIONES MÉDICAS",Contrato,Abierto,2023-12-31,443247.59,2223354,SAI,"CORPORATIVO MS SISTEMAS MEDICOS SA DE CV",21057001,Ordinario,2023-06-05,,,"2023-09-07 15:23:08"
D233022,LA-50-GYR-050GYR012-T-67-2023,"ADQUISICIÓN DE CONSUMIBLES DE EQUIPOS DE MEDICO","PRESTACIONES MÉDICAS",Contrato,Abierto,2023-12-31,466001,2806687,SAI,"DHB BIOMED CONSULTANT GROUP SA DE CV",21057001,Ordinario,2023-06-05,,,"2023-09-07 15:23:08"
D233029,LA-50-GYR-050GYR012-T-67-2023,"ADQUISICIÓN DE CONSUMIBLES DE EQUIPOS DE MEDICO","PRESTACIONES MÉDICAS",Contrato,Abierto,2023-12-31,955846.94,2803944,SAI,"DISTRIBUIDOR MEDICO TECNOMED, S. A. DE C. V.",21057001,Ordinario,2023-06-05,,,"2023-09-07 15:23:08"
D233032,LA-50-GYR-050GYR012-T-67-2023,"ADQUISICIÓN DE CONSUMIBLES DE EQUIPOS DE MEDICO","PRESTACIONES MÉDICAS",Contrato,Abierto,2023-12-31,315913.25,"No aplica",SAI,"ELECTRO PAPER SA DE CV",21057001,Ordinario,2023-06-05,,,"2023-09-07 15:23:08"
D233034,LA-50-GYR-050GYR012-T-67-2023,"ADQUISICIÓN DE CONSUMIBLES DE EQUIPOS DE MEDICO","PRESTACIONES MÉDICAS",Contrato,Abierto,2023-12-31,180786,3756-03280-4,SAI,"GABRIEL DELGADO ALONSO",21057001,Ordinario,2023-06-05,,,"2023-09-07 15:23:08"
D233023,LA-50-GYR-050GYR012-T-67-2023,"ADQUISICIÓN DE CONSUMIBLES DE EQUIPOS DE MEDICO","PRESTACIONES MÉDICAS",Contrato,Abierto,2023-12-31,269317.19,"No aplica",SAI,"HOSPITECNICA, S. A. DE C. V.",21057001,Ordinario,2023-06-05,,,"2023-09-07 15:23:08"
D233024,LA-50-GYR-050GYR012-T-67-2023,"ADQUISICIÓN DE CONSUMIBLES DE EQUIPOS DE MEDICO","PRESTACIONES MÉDICAS",Contrato,Abierto,2023-12-31,129038.4,"No aplica",SAI,"ID ASESORIA QUIRURGICA SA DE CV",21057001,Ordinario,2023-06-05,,,"2023-09-07 15:23:08"
D233025,LA-50-GYR-050GYR012-T-67-2023,"ADQUISICIÓN DE CONSUMIBLES DE EQUIPOS DE MEDICO","PRESTACIONES MÉDICAS",Contrato,Abierto,2023-12-31,1420594,"No aplica",SAI,"LABZ DISTRIBUIDORA MEDICA SA DE CV",21057001,Ordinario,2023-06-05,,,"2023-09-07 15:23:08"
D233026,LA-50-GYR-050GYR012-T-67-2023,"ADQUISICIÓN DE CONSUMIBLES DE EQUIPOS DE MEDICO","PRESTACIONES MÉDICAS",Contrato,Abierto,2023-12-31,56728.64,"No aplica",SAI,"PROMEDICA GARCIA SA DE CV",21057001,Ordinario,2023-06-05,,,"2023-09-07 15:23:08"
D233027,LA-50-GYR-050GYR012-T-67-2023,"ADQUISICIÓN DE CONSUMIBLES DE EQUIPOS DE MEDICO","PRESTACIONES MÉDICAS",Contrato,Abierto,2023-12-31,55680,"No aplica",SAI,"SERVICIOS BIOMEDICOS BAZAFI SA DE CV",21057001,Ordinario,2023-06-05,,,"2023-09-07 15:23:08"
D233028,LA-50-GYR-050GYR012-T-67-2023,"ADQUISICIÓN DE CONSUMIBLES DE EQUIPOS DE MEDICO","PRESTACIONES MÉDICAS",Contrato,Abierto,2023-12-31,329462.62,2803269,SAI,"SERVICIOS MEDICOS Y TECNICOS SA DE CV",21057001,Ordinario,2023-06-05,,,"2023-09-07 15:23:08"
D233030,LA-50-GYR-050GYR012-T-67-2023,"ADQUISICIÓN DE CONSUMIBLES DE EQUIPOS DE MEDICO","PRESTACIONES MÉDICAS",Contrato,Abierto,2023-12-31,665276.5,"No aplica",SAI,"TECNO COMERCIAL PAKTLI, S.A . DE C. V.",21057001,Ordinario,2023-06-05,,,"2023-09-07 15:23:08"
D233031,LA-50-GYR-050GYR012-T-67-2023,"ADQUISICIÓN DE CONSUMIBLES DE EQUIPOS DE MEDICO","PRESTACIONES MÉDICAS",Contrato,Abierto,2023-12-31,60691.2,"No aplica",SAI,"VITER MEDICAL SA DE CV",21057001,Ordinario,2023-06-05,,,"2023-09-07 15:23:09"
S3M0068,AA-50-GYR-050GYR012-N-139-2023,"SERVICIOS ME´DICOS SUBROGADOS DE CONSULTAS, ESTUDIOS, PRUEBAS, CIRUGÍA PROCEDIMIENTOS Y TRATAMIENTOS (ANGIOGRAFÍA, COLANGIORESONANCIA, RESONANCIA, TOMOGRAFÍA)","PRESTACIONES MÉDICAS",Contrato,Abierto,2023-12-31,3844809.25,BKY-0024-0155471,SAI,"GABRIELA CARLOTA LEGUER RETOLAZA",42062106,Bienestar,2023-06-09,,,"2023-09-07 15:23:09"
S3M0069,AA-50-GYR-050GYR012-N-139-2023,"SERVICIOS ME´DICOS SUBROGADOS DE CONSULTAS, ESTUDIOS, PRUEBAS, CIRUGÍA PROCEDIMIENTOS Y TRATAMIENTOS (ECO DOPPLER CON DOBUTAMINA)","PRESTACIONES MÉDICAS",Contrato,Abierto,2023-12-31,973936,2437155-0000,SAI,"CONSULTORIA MEDICA Y DIAGNOSTICO CARDIOVASCULAR INTEGRAL CAMINO REAL, SC",42062106,Bienestar,2023-06-09,,,"2023-09-07 15:23:09"
CO23049,AA-50-GYR-050GYR012-N-140-2023,"SERVICIO DE MANTENIMIENTO PREVENTIVO Y CORRECTIVO A DOS EQUIPOS ESTERILIZADORES DE VAPOR AUTOGENERADO MARCA MATACHANA","PRESTACIONES MÉDICAS",Contrato,Abierto,2023-12-31,231088.23,22220271,SAI,"ESPECIALISTAS EN ESTERILIZACIÓN Y ENVASE, S. A. DE C. V.",42062509,Bienestar,2023-06-05,,,"2023-09-07 15:23:09"
CO23050,AA-50-GYR-050GYR012-N-130-2023,"SERVICIO DE MANTENIMIENTO CORRECTIVO DE EQUIPO CAMPIMETRO COMPUTARIZADO DEL HGZ 1","DEPARTAMENTO DE  CONSERVACIÓN Y SERVICIOS GENERALES",Contrato,Abierto,2023-12-31,284954,Pendiente,SAI,"DAVID IVAN GARCÍA AGUILAR",42062508,Ordinario,2023-06-05,,,"2023-09-07 15:23:09"
"001 S3M0043",AA-50-GYR-050GYR012-N-59-2023,"SERVICIOS MÉDICOS SUBROGADOS DE ESTUDIOS","PRESTACIONES MÉDICAS",Convenio,Abierto,2023-08-31,0,2417710-0000,SAI,"ENRIQUE AUGUSTO SÁNCHEZ CARDENAS",42062106,Ordinario,2023-03-31,,,"2023-09-07 15:23:09"
"001 S3M0019",LA-050GYR012-E441-2022,"SERVICIOS MÉDICOS SUBROGADOS DE (ESTUDIOS, PRUEBAS, CIRUGÍA, PROCEDIMIENTOS Y TRATAMIENTOS), PARA EL 2023","PRESTACIONES MÉDICAS",Convenio,Abierto,2023-07-31,655437.12,BKY-0024-0139854,SAI,"GABRIELA CARLOTA LEGUER RETOLAZA",42062106,Ordinario,2023-02-01,,,"2023-09-07 15:23:09"
"001 S3M0018",LA-050GYR012-E441-2022,"SERVICIOS MÉDICOS SUBROGADOS DE (ESTUDIOS, PRUEBAS, CIRUGÍA, PROCEDIMIENTOS Y TRATAMIENTOS), PARA EL 2023","PRESTACIONES MÉDICAS",Convenio,Abierto,2023-06-15,58444.51,2398872-0000,SAI,"DISTRIBUIDORA ÓPTICA Y SERVICIOS DE COLIMA, SC",42062106,Ordinario,2023-02-01,,,"2023-09-07 15:23:09"
"001 S3M0017",LA-050GYR012-E441-2022,"SERVICIOS MÉDICOS SUBROGADOS DE (ESTUDIOS, PRUEBAS, CIRUGÍA, PROCEDIMIENTOS Y TRATAMIENTOS), PARA EL 2023","PRESTACIONES MÉDICAS",Convenio,Abierto,2023-12-31,0,2398870-0000,SAI,"DISTRIBUIDORA ÓPTICA Y SERVICIOS DE COLIMA, SC",42062101,Ordinario,2023-02-01,,,"2023-09-07 15:23:09"
"001 S3M0016",LA-050GYR012-E441-2022,"SERVICIOS MÉDICOS SUBROGADOS DE (ESTUDIOS, PRUEBAS, CIRUGÍA, PROCEDIMIENTOS Y TRATAMIENTOS), PARA EL 2023","PRESTACIONES MÉDICAS",Convenio,Abierto,2023-06-15,111104.8,2398874-0000,SAI,"CONSULTORIA MEDICA Y DIAGNOSTICO CARDIOVASCULAR INTEGRAL CAMINO REAL, SC",42062106,Ordinario,2023-02-01,,,"2023-09-07 15:23:09"
"001 S3M0010",AA-50-GYR-050GYR012-N-3-2023,"SERVICIO DE SUMINISTRO DE OXIGENO MEDICINAL DOMICILIARIO A PACIENTES DE IMSS BIENESTAR","PRESTACIONES MÉDICAS",Convenio,Abierto,2023-04-30,0,060919-00000,SAI,"PRAXAIR MEXICO, S DE RL DE CV",42062422,Bienestar,2023-01-09,,,"2023-09-07 15:23:09"
D3M0070,AA-50-GYR-050GYR012-N-132-2023,"ADQUISICIÓN DE UNIFORMES DEPORTIVOS GRUPO 130 PARA LOS CENTROS DE SEGURIDAD SOCIAL DEL OOAD COLIMA","PRESTACIONES ECONOMICAS Y SOCIALES",Contrato,Abierto,2023-06-30,148243.02,"No aplica",SAI,"ANEL BERENICE MUÑOZ TEJEDA",42060504,Ordinario,2023-05-30,,,"2023-09-07 15:23:09"
S3M0072,AA-50-GYR-050GYR012-N-148-2023,"SERVICIO DE TRASLADO DE PACIENTES EN UNIDAD MOVIL TERRESTRE TIPO AMBULANCIA  PARA LAS UNIDADES DEL IMSS BIENESTAR","PRESTACIONES MÉDICAS",Contrato,Abierto,2023-07-31,696000,5097-01287-4,SAI,"CRUZ ROJA MEXICANA, I. A. P.",42061601,Bienestar,2023-06-12,,,"2023-09-07 15:23:09"
P3M0071,LA-50-GYR-050GYR012-N-109-2023,"DOTACIÓN DE ANTEOJOS PARA TRABAJADORES ACTIVOS, JUBILADOS Y/O PENSIONADOS DEL IMSS","DEPARTAMENTO DE PERSONAL",Contrato,Abierto,2023-12-31,703652.19,2221706,SAI,"SERVICIOS OFTALMOLÓGICOS DE COLIMA, S. A. DE C. V.",42060216,Ordinario,2023-06-20,,,"2023-09-07 15:23:09"
SI23053,LA-50-GYR-050GYR012-N-110-2023,"ADQUISICIÓN BEIENS PARA EL PROGRAMA DE DIALISIS PERITONEAL CONTINUA AMBULATORIA (DPCA) PARA EL PROGRAMA DE DIÁLISIS PERITONEAL CONTINUA AMBULATORIA (DPCA)","PRESTACIONES MÉDICAS",Contrato,Abierto,2023-12-31,2637052.25,2222571,SAI,"BAXTER, S. A. DE C. V.",42060318,Bienestar,2023-06-21,,,"2023-09-07 15:23:09"
SG23054,LA-50-GYR-050GYR012-N-111-2023,"CONTRATACIÓN DEL SERVICIO DE PASAJES AÉREOS PARA COMISIONES NACIONALES PARA SERVIDORES PÚBLICOS DE NÓMINA ORDINARIA Y NÓMINA DE MANDO (PARTIDA 1)","DEPARTAMENTO DE CONSERVACIÓN Y SERVICIOS GENERALES",Contrato,Abierto,2023-12-31,380000,2437782-0000,SAI,"JUAN GABRIEL MENDOZA GUIZAR",42061619,Ordinario,2023-06-23,,,"2023-09-07 15:23:09"
SG23055,LA-50-GYR-050GYR012-N-111-2023,"CONTRATACIÓN DEL SERVICIO DE PASAJES AÉREOS PARA COMISIONES NACIONALES PARA SERVIDORES PÚBLICOS DE NÓMINA ORDINARIA Y NÓMINA DE MANDO (PARTIDA 2)","DEPARTAMENTO DE CONSERVACIÓN Y SERVICIOS GENERALES",Contrato,Abierto,2023-12-31,480000,2437780-0000,SAI,"JUAN GABRIEL MENDOZA GUIZAR",42061620,Ordinario,2023-06-23,,,"2023-09-07 15:23:09"
CA23056,LA-50-GYR-050GYR012-N-111-2023,"CONTRATACIÓN DEL SERVICIO DE PASAJES AÉREOS PARA COMISIONES NACIONALES PARA SERVIDORES PÚBLICOS DE NÓMINA ORDINARIA Y NÓMINA DE MANDO (PARTIDA 3)","DEPARTAMENTO DE CAPACITACIÓN Y TRANSPARENCIA",Contrato,Abierto,2023-12-31,503513,2437779-0000,SAI,"JUAN GABRIEL MENDOZA GUIZAR",42061619,Ordinario,2023-06-23,,,"2023-09-07 15:23:09"
CA23057,LA-50-GYR-050GYR012-N-111-2023,"CONTRATACIÓN DEL SERVICIO DE PASAJES AÉREOS PARA COMISIONES NACIONALES PARA SERVIDORES PÚBLICOS DE NÓMINA ORDINARIA Y NÓMINA DE MANDO (PARTIDA 4)","DEPARTAMENTO DE CAPACITACIÓN Y TRANSPARENCIA",Contrato,Abierto,2023-12-31,34000,2437781-0000,SAI,"JUAN GABRIEL MENDOZA GUIZAR",42061620,Ordinario,2023-06-23,,,"2023-09-07 15:23:09"
C3M0077,AA-50-GYR-050GYR012-N-158-2023,"CONTRATACIÓN DEL SERVICIO DE MANTENIMIENTO PREVENTIVO Y CORRECTIVO A LA PLANTA DE EMERGENCIA DEL HOSPITAL IMSS BIENESTAR VILLA DE ÁLVAREZ, HOSPITAL DE ESPECIALIDADES IMSS BIENESTAR Y CENTRO ESTATAL DE HEMODIÁLISIS","PRESTACIONES MÉDICAS",Contrato,Abierto,2023-12-31,344721.5,2437786-0000,SAI,"PROCOSE, S. A. DE C. V.",42062509,Bienestar,2023-06-19,,,"2023-09-07 15:23:09"
C3M0078,AA-50-GYR-050GYR012-N-152-2023,"SERVICIO DE MANTENIMIENTO PREVENTIVO A EQUIPOS Y UNIDADES MÉDICAS  Y ADMINISTRATIVAS","DEPARTAMENTO DE CONSERVACIÓN Y SERVICIOS GENERALES",Contrato,Abierto,2023-12-31,150040.2,Pendiente,SAI,"ALEJANDRO VARGAS RAZO",42062509,Ordinario,2023-06-23,,,"2023-09-07 15:23:09"
C3M0073,AA-50-GYR-050GYR012-N-152-2023,"SERVICIO DE MANTENIMIENTO PREVENTIVO A EQUIPOS Y UNIDADES MÉDICAS  Y ADMINISTRATIVAS","DEPARTAMENTO DE CONSERVACIÓN Y SERVICIOS GENERALES",Contrato,Abierto,2023-12-31,277704,3678-05447-6,SAI,"ELEVADORES MULTINACIONALES PERSONALIZADOS, S. A. DE C. V.",42062509,Ordinario,2023-06-23,,,"2023-09-07 15:23:09"
"001 SI23034",AA-50-GYR-050GYR012-N-95-2023,"SERVICIO MÉDICO INTEGRAL DE HEMODIÁLISIS SUBROGADA 2023 (PARTIDA 1)","PRESTACIONES MÉDICAS",Convenio,Abierto,2023-07-15,3573135.25,2790393,SAI,"PISA EQUIPOS BIOMEDICOS, S. A. DE C. V. EN PARTICIPACIÓN CONJUNTA CON PRODUCTOS HOSPITALARIOS, S. A. DE C. V.",42061604,Ordinario,2023-04-26,,,"2023-09-07 15:23:09"
"001 SI23035",AA-50-GYR-050GYR012-N-95-2023,"SERVICIO MÉDICO INTEGRAL DE HEMODIÁLISIS SUBROGADA 2023 (PARTIDA 2)","PRESTACIONES MÉDICAS",Convenio,Abierto,2023-07-15,1035119.62,2790401,SAI,"PISA EQUIPOS BIOMEDICOS, S. A. DE C. V. EN PARTICIPACIÓN CONJUNTA CON PRODUCTOS HOSPITALARIOS, S. A. DE C. V.",42061604,Ordinario,2023-04-26,,,"2023-09-07 15:23:09"
"001 SI23018",AA-50-GYR-050GYR012-T-14-2023,"SERVICIO MÉDICO INTEGRAL PARA PROCEDIMIENTOS DE MÍNIMA INVASIÓN PROCEDIMIENTOS Y BIENES COMPLEMENTARIOS POR UNIDAD MÉDICA","PRESTACIONES MÉDICAS",Convenio,Abierto,2023-10-31,0,023A06113,SAI,"INTERMET, S. A. DE C. V.",42060419,Ordinario,2023-02-10,,,"2023-09-07 15:23:09"
"001 D233007",AA-50-GYR-050GYR012-T-45-2023,"ADQUISICIÓN DE CONSUMIBLES DE EQUIPOS DE BOMBAS DE INFUSIÓN PARA EL PROGRAMA IMSS BIENESTAR","PRESTACIONES MÉDICAS",Convenio,Abierto,2023-10-31,1570492.75,Pendiente,SAI,"DISTRIBUIDOR MEDICO TECNOMED, S. A. DE C. V.",21057001,Bienestar,2023-03-13,,,"2023-09-07 15:23:09"
C3M0074,AA-50-GYR-050GYR012-N-165-2023,"MANTENIMIENTO CORRECTIVO MAYOR A EQUIPOS ELECTROMECANICOS DEL HOSPITAL IMSS BIENESTAR TECOMAN, COLIMA PARTICULARMENTE SE REQUIERE DEL SERVICIO DE MANTENIMIENTO CORRECTIVO A UNIDADES DE AIRE ACONDICIONADO DE DIVERSOS TIPOS Y CAPACIDADES, ASI COMO EXTRACTORES CENTRIFUGOS","PRESTACIONES MÉDICAS",Contrato,Abierto,2023-07-31,247379.28,4336-00420-2,SAI,"MK CONSTRUCCIONES, MATERIALES Y COMPLEMENTOS, S. A. DE C. V.",42062509,Bienestar,2023-06-29,,,"2023-09-07 15:23:09"
SI23051,AA-50-GYR-050GYR012-T-149-2023,"ADQUISICIÓN Y COLOCACIÓN DE MATERIAL DE OSTEOSINTESIS Y ENDOPROTESIS","PRESTACIONES MÉDICAS",Contrato,Abierto,2023-07-31,2552000,2426849-0000,SAI,"ORTHO IMPLANTES, S. A DE C. V.",42060406,Ordinario,2023-06-14,,,"2023-09-07 15:23:09"
SI23052,AA-50-GYR-050GYR012-T-151-2023,"ADQUISICIÓN Y COLOCACIÓN DE MATERIAL DE OSTEOSINTESIS Y ENDOPROTESIS","PRESTACIONES MÉDICAS",Contrato,Abierto,2023-06-30,1177400,2426850-0000,SAI,"ORTHO IMPLANTES, S. A DE C. V.",42060406,Bienestar,2023-06-12,,,"2023-09-07 15:23:09"
S3M0076,AA-50-GYR-050GYR012-N-168-2023,"SERVICIO DE DOSIMETRIA PARA IMSS BIENESTAR","PRESTACIONES MÉDICAS",Contrato,Abierto,2023-12-31,81572.36,BKY-0709-0156855,SAI,"FISICA MEDICA FIMERA, SA DE CV",42062106,Bienestar,2023-06-30,,,"2023-09-07 15:23:09"
"001 S3M0056",AA-50-GYR-050GYR012-N-93-2023,"SERVICIO MEDICO SUBROGADO DE ESTUDIO DE FLUOROSCOPIA TRANSOPERATORIA PARA EL HOSPITAL GENERAL DE TECOMÁN Y EL HOSPITAL GENERAL DE MANZANILLO DEL IMSS-BIENESTAR","PRESTACIONES MÉDICAS",Convenio,Abierto,2023-07-31,0,2437791-0000,SAI,"GRISELDA GUADALUPE CANO DÍAZ",42062106,Bienestar,2023-04-28,,,"2023-09-07 15:23:09"
"001 SI23024",LA-50-GYR-050GYR012-T-9-2023,"ADQUISICIÓN Y COLOCACIÓN DE BIENES DE OSTEOSINTESIS Y ENDOPROTESIS","PRESTACIONES MÉDICAS",Convenio,Abierto,2023-12-31,243600,Pendiente,SAI,"PRODUCTOS MÉDICOS Y MATERIALES PARA LA SALUD, S. A. DE C. V.",42060406,Ordinario,2023-03-27,,,"2023-09-07 15:23:09"
"001 SI23025",LA-50-GYR-050GYR012-T-9-2023,"ADQUISICIÓN Y COLOCACIÓN DE BIENES DE OSTEOSINTESIS Y ENDOPROTESIS","PRESTACIONES MÉDICAS",Convenio,Abierto,2023-12-31,232000,Pendiente,SAI,"PRODUCTOS MÉDICOS Y MATERIALES PARA LA SALUD, S. A. DE C. V.",42060406,Ordinario,2023-03-27,,,"2023-09-07 15:23:09"
"002 S3M0016",LA-050GYR012-E441-2022,"SERVICIOS MÉDICOS SUBROGADOS DE (ESTUDIOS, PRUEBAS, CIRUGÍA, PROCEDIMIENTOS Y TRATAMIENTOS), PARA EL 2023","PRESTACIONES MÉDICAS",Convenio,Abierto,2023-07-15,0,2398874-0000,SAI,"CONSULTORIA MEDICA Y DIAGNOSTICO CARDIOVASCULAR INTEGRAL CAMINO REAL, SC",42062106,Ordinario,2023-02-01,,,"2023-09-07 15:23:09"
SI23058,LA-50-GYR-050GYR012-N-143-2023,"CONTRATACIÓN DEL SERVICIO MEDICO INTEGRAL DE LABORATORIO IMSS-BIENESTAR","PRESTACIONES MÉDICAS",Contrato,Abierto,2023-12-31,29736338,2223197,SAI,"BIODIST, S. A. DE C. V.",42060417,Bienestar,2023-07-13,,,"2023-09-07 15:23:09"
"001 SI23007",AA-50-GYR-050GYR012-N-1-2023,"SERVICIO INTEGRAL DE ANESTESIA","PRESTACIONES MÉDICAS",Convenio,Abierto,2023-08-15,17121600,23A03333,SAI,"CENTRAL MÉDICA DE SUMINISTROS, SA DE CV EN PART. CONJUNTA CON CONDUIT LIFE, SA DE CV Y CON BIOSYSTEMS HLS, SA DE CV",42060430,Bienestar,2023-01-06,,,"2023-09-07 15:23:09"
"001 D3M0014",LA-050GYR012-E461-2022,"ADQUISICION DE VIVERES PARA EL EJERCICIO 2023","PRESTACIONES MÉDICAS",Convenio,Abierto,2023-07-15,0,BKY-0024-0140779,SAI,"ABARROTERA ESPINOSA, SA DE CV",42060801,Ordinario,2023-01-19,,,"2023-09-07 15:23:09"
"001 D3M0023",LA-050GYR012-E461-2022,"ADQUISICION DE VIVERES PARA EL EJERCICIO 2023","PRESTACIONES MÉDICAS",Convenio,Abierto,2023-07-15,0,2767277,SAI,"PERLOP OPERADORA DE ALIMENTOS, S. A. DE C. V.",42060801,Ordinario,2023-01-19,,,"2023-09-07 15:23:09"
"001 D3M0024",AA-50-GYR-050GYR012-N-15-2023,"ADQUISISCION DE VIVERES","PRESTACIONES MÉDICAS",Convenio,Abierto,2023-07-15,0,BKY-0024-0145732,SAI,"ANA ESTEFANIA PONCE DE LEON",42060801,Ordinario,2023-02-08,,,"2023-09-07 15:23:09"
"001 D3M0025",AA-50-GYR-050GYR012-N-15-2023,"ADQUISICION DE VIVERES","PRESTACIONES MÉDICAS",Convenio,Abierto,2023-12-31,0,2207156,SAI,"ALIMENTOS SELLO ROJO, S.A. DE C.V.",42060801,Ordinario,2023-02-08,,,"2023-09-07 15:23:09"
SI23059,LA-50-GYR-050GYR012-N-146-2023,"ADQUISICIÓN DE BIENES PARA EL PROGRAMA DE DIALISIS PERITONEAL AUTOMATIZADA PARA PACIENTES NUEVOS, IMSS BIENESTAR","PRESTACIONES MÉDICAS",Contrato,Abierto,2023-12-31,1850997.62,2224691,SAI,"BAXTER, S. A. DE C. V.",42060317,Bienestar,2023-07-17,,,"2023-09-07 15:23:09"
D233035,LA-50-GYR-050GYR012-N-145-2023,"ADQUISICIÓN DE CONSUMIBLE DE EQUIPO DE CÓMPUTO PARA EL AÑO 2023","PRESTACIONES MÉDICAS",Contrato,Abierto,2023-12-31,3167496,2817916,SAI,"OFIVILLANELY, S DE RL DE CV",21053004,Bienestar,2023-07-14,,,"2023-09-07 15:23:09"
"001 D3M0015",LA-050GYR012-E461-2022,"ADQUISICION DE VIVERES PARA EL EJERCICIO 2023","PRESTACIONES MÉDICAS",Convenio,Abierto,2023-07-15,0,BKY-0439-0142494,SAI,"DISTRIBUIDORA DE CARNES SUPREMA EL TORREON S.A. DE C.V.",42060801,Ordinario,2023-01-19,,,"2023-09-07 15:23:09"
C3M0079,AA-50-GYR-050GYR012-N-199-2023,"SERVICIO DE MANTENIMIENTO CORRECTIVO A UNIDAD PAQUETE DIVIDIDO MARCA YORK DE AIRE ACONDICIONADO DEL SERVICIO DE URGENCIAS DEL HGSZ 4","DEPARTAMENTO DE CONSERVACIÓN Y SERVICIOS GENERALES",Contrato,Abierto,2023-12-31,387398.44,"No aplica",SAI,"AR ELECTROMEDICA, S. A. DE C. V.",42062509,Ordinario,2023-07-14,,,"2023-09-07 15:23:09"
S3M0080,LA-50-GYR-050GYR012-N-144-2023,"SERVICIO DE LIMPIEZA DE UNIDADES IMSS COLIMA","PRESTACIONES MÉDICAS",Contrato,Abierto,2023-10-31,6340223.5,2447586-0000,SAI,"PROINCOLIMA, S. A. DE C. V.",42062107,Bienestar,2023-07-26,,,"2023-09-07 15:23:09"
C3M0081,AA-50-GYR-GYR012-N-185-2023,"SERVICIO DE MANTENIMIENTO PREVENTIVO A EQUIPOS Y UNIDADES MÉDICAS Y ADMINISTRATIVAS","DEPARTAMENTO DE CONSERVACIÓN Y SERVICIOS GENERALES",Contrato,Abierto,2023-12-31,451704,2816786,SAI,"DAVID IVAN GARCÍA AGUILAR",42062509,Ordinario,2023-07-19,,,"2023-09-07 15:23:09"
SI23060,AA-50-GYR-050GYR012-T-206-2023,"SERVICIO DE MÉDICO INTEGRAL DE HEMODIÁLISIS SUBROGADA 2023 PARA UMAES Y OOAD COLIMA (PARTIDA 1 HGZ 1)","PRESTACIONES MEDICAS",Contrato,Abierto,2023-08-07,9674893,2817638,SAI,"IGEIA MEDICAL DEVISES, S. A. DE C. V.  (PARTICIPANTE A) Y PRODUCTOS HOSPITALARIOS S. A. DE C. V. (PARTICIPANTE B)",42061604,Ordinario,2023-07-16,,,"2023-09-07 15:23:09"
SI23061,AA-50-GYR-050GYR012-T-206-2023,"SERVICIO DE MÉDICO INTEGRAL DE HEMODIÁLISIS SUBROGADA 2023 PARA UMAES Y OOAD COLIMA (PARTIDA 2 HGZ 10)","PRESTACIONES MEDICAS",Contrato,Abierto,2023-08-07,3569378,2817648,SAI,"IGEIA MEDICAL DEVISES, S. A. DE C. V.  (PARTICIPANTE A) Y PRODUCTOS HOSPITALARIOS S. A. DE C. V. (PARTICIPANTE B)",42061604,Ordinario,2023-07-16,,,"2023-09-07 15:23:09"
"002 D3M0014",LA-050GYR012-E461-2022,"ADQUISICION DE VIVERES PARA EL EJERCICIO 2023","PRESTACIONES MÉDICAS",Convenio,Abierto,2023-08-31,478342.62,Pendiente,SAI,"ABARROTERA ESPINOSA, SA DE CV",42060801,Ordinario,2023-01-19,,,"2023-09-07 15:23:09"
"002 D3M0015",LA-050GYR012-E461-2022,"ADQUISICION DE VIVERES PARA EL EJERCICIO 2023","PRESTACIONES MÉDICAS",Convenio,Abierto,2023-07-31,688412,BKY-0439-0142494,SAI,"DISTRIBUIDORA DE CARNES SUPREMA EL TORREON S.A. DE C.V.",42060801,Ordinario,2023-01-19,,,"2023-09-07 15:23:09"
"002 D3M0023",LA-050GYR012-E461-2022,"ADQUISICION DE VIVERES PARA EL EJERCICIO 2023","PRESTACIONES MÉDICAS",Convenio,Abierto,2023-07-31,332562,2767277,SAI,"PERLOP OPERADORA DE ALIMENTOS, S. A. DE C. V.",42060801,Ordinario,2023-01-19,,,"2023-09-07 15:23:09"
"002 D3M0024",AA-50-GYR-050GYR012-N-15-2023,"ADQUISISCION DE VIVERES","PRESTACIONES MÉDICAS",Convenio,Abierto,2023-07-31,192232,BKY-0024-0145732,SAI,"ANA ESTEFANIA PONCE DE LEON",42060801,Ordinario,2023-02-08,,,"2023-09-07 15:23:09"
"002 SI23034",AA-50-GYR-050GYR012-N-95-2023,"SERVICIO MÉDICO INTEGRAL DE HEMODIÁLISIS SUBROGADA 2023 (PARTIDA 1)","PRESTACIONES MÉDICAS",Convenio,Abierto,2023-07-14,0,"No aplica",SAI,"IGEIA MEDICAL DEVICES, S. A. DE C. V. (ANTES PISA EQUIPOS BIOMEDICOS, S. A. DE C. V.) EN PARTI. CONJUNTA CON PRODUCTOS HOSPITALARIOS, S. A. DE C. V.",42060801,Ordinario,2023-04-26,,,"2023-09-07 15:23:09"
"003 S3M0016",LA-050GYR012-E441-2022,"SERVICIOS MÉDICOS SUBROGADOS DE (ESTUDIOS, PRUEBAS, CIRUGÍA, PROCEDIMIENTOS Y TRATAMIENTOS), PARA EL 2023","PRESTACIONES MÉDICAS",Convenio,Abierto,2023-07-31,0,2398874-0000,SAI,"CONSULTORIA MEDICA Y DIAGNOSTICO CARDIOVASCULAR INTEGRAL CAMINO REAL, SC",42062106,Ordinario,2023-02-01,,,"2023-09-07 15:23:09"
"003 S3M0018",LA-050GYR012-E441-2022,"SERVICIOS MÉDICOS SUBROGADOS DE (ESTUDIOS, PRUEBAS, CIRUGÍA, PROCEDIMIENTOS Y TRATAMIENTOS), PARA EL 2023","PRESTACIONES MÉDICAS",Convenio,Abierto,2023-07-31,0,2398872,SAI,"DISTRIBUIDORA ÓPTICA Y SERVICIOS DE COLIMA, SC",42062106,Ordinario,2023-02-01,,,"2023-09-07 15:23:09"
"001 SI23051",AA-50-GYR-050GYR012-T-149-2023,"ADQUISICIÓN Y COLOCACIÓN DE MATERIAL DE OSTEOSINTESIS Y ENDOPROTESIS","PRESTACIONES MÉDICAS",Convenio,Abierto,2023-09-15,0,2426849-0000,SAI,"ORTHO IMPLANTES, S. A DE C. V.",42060406,Ordinario,2023-06-14,,,"2023-09-07 15:23:09"
SI23062,AA-50-GYR-050GYR012-T-219-2023,"ADQUISICION Y COLOCACION DE BIENES DE OSTESOSINTESIS Y ENDOPROTESIS SISTEMA 3.- ARTROPLASTIA TOTAL DE RODILLA","PRESTACIONES MÉDICAS",Contrato,Abierto,2023-12-31,1218000,4444,SAI,"PRODUCTOS MEDICOS Y MATERIALES PARA LA SALUD, S.A. DE C.V",42060406,Ordinario,2023-08-01,,,"2023-09-07 15:23:09"
SI23063,AA-50-GYR-050GYR012-T-219-2023,"ADQUISICION Y COLOCACION DE BIENES DE OSTESOSINTESIS Y ENDOPROTESIS SISTEMA 8.- COLUMNA","PRESTACIONES MÉDICAS",Contrato,Abierto,2023-12-31,1160000,4445,SAI,"PRODUCTOS MEDICOS Y MATERIALES PARA LA SALUD, S.A. DE C.V",42060406,Ordinario,2023-08-01,,,"2023-09-07 15:23:09"
S3M0082,AA-50-GYR-050GYR012-N-223-2023,"SERVICIOS MÉDICOS SUBROGADOS DE CONSULTAS, ESTUDIOS, PRUEBAS, CIRUGÍA, PROCEDIMIENTOS Y TRATAMIENTOS","PRESTACIONES MÉDICAS",Contrato,Abierto,2023-12-31,2640355.25,BKY-0024-0162657,SAI,"GABRIELA CARLOTA LEGUER RETOLAZA",42062106,Ordinario,2023-08-01,,,"2023-09-07 15:23:09"
S3M0083,AA-50-GYR-050GYR012-N-223-2023,"SERVICIOS MÉDICOS SUBROGADOS DE CONSULTAS, ESTUDIOS, PRUEBAS, CIRUGÍA, PROCEDIMIENTOS Y TRATAMIENTOS","PRESTACIONES MÉDICAS",Contrato,Abierto,2023-12-31,613176,2355768-000,SAI,"CONSULTORIA MEDICA Y DIAGNOSTICO CARDIOVASCULAR INTEGRAL CAMINO REAL, SC",42062106,Ordinario,2023-08-01,,,"2023-09-07 15:23:09"
S3M0084,AA-50-GYR-050GYR012-N-223-2023,"SERVICIOS MÉDICOS SUBROGADOS DE CONSULTAS, ESTUDIOS, PRUEBAS, CIRUGÍA, PROCEDIMIENTOS Y TRATAMIENTOS","PRESTACIONES MÉDICAS",Contrato,Abierto,2023-12-31,602709,Pendiente,SAI,"DISTRIBUIDORA OPTICA Y SERVICIOS DE COLIMA S.C.",42062106,Ordinario,2023-08-01,,,"2023-09-07 15:23:09"
P3M0085,AA-50-GYR-050GYR012-N-223-2023,"ADQUISICION DE FORMAS IMPRESAS- RECETARIOS PARA EL IMSS BIENESTAR","PRESTACIONES MÉDICAS",Contrato,Abierto,2023-08-11,497756,Pendiente,SAI,"JORGE GUIZAR CUEVAS",42061507,Bienestar,2023-08-02,,,"2023-09-07 15:23:09"
D3M0086,AA-50-GYR-050GYR012-N-224-2023,"ADQUISICION DE VIVERES","PRESTACIONES MÉDICAS",Contrato,Abierto,2023-12-31,1274177,2822309,SAI,"PERLOP OPERADORA DE ALIMENTOS, S. A. DE C. V.",42060801,Ordinario,2023-08-01,,,"2023-09-07 15:23:09"
D3M0087,AA-50-GYR-050GYR012-N-224-2023,"ADQUISICION DE VIVERES","PRESTACIONES MÉDICAS",Contrato,Abierto,2023-12-31,2828557,BKY-0439-0164337,SAI,"DISTRIBUIDORA DE CARNES SUPREMA EL TORREON S.A. DE C.V.",42060801,Ordinario,2023-08-01,,,"2023-09-07 15:23:09"
"002 SI23024",AA-50-GYR-050GYR012-N-15-2023,"ADQUISICIÓN Y COLOCACIÓN DE BIENES DE OSTEOSINTESIS Y ENDOPROTESIS","PRESTACIONES MÉDICAS",Convenio,Abierto,2023-07-31,0,"No aplica",SAI,"PRODUCTOS MÉDICOS Y MATERIALES PARA LA SALUD, S. A. DE C. V.",42060406,Ordinario,2023-03-27,,,"2023-09-07 15:23:09"
"001 SI23060",AA-50-GYR-050GYR012-T-206-2023,"SERVICIO DE MÉDICO INTEGRAL DE HEMODIÁLISIS SUBROGADA 2023 PARA UMAES Y OOAD COLIMA (PARTIDA 1 HGZ 1)","PRESTACIONES MEDICAS",Convenio,Abierto,2023-07-31,0,"No aplica",SAI,"IGEIA MEDICAL DEVISES, S. A. DE C. V.  (PARTICIPANTE A) Y PRODUCTOS HOSPITALARIOS S. A. DE C. V. (PARTICIPANTE B)",42061604,Ordinario,2023-07-16,,,"2023-09-07 15:23:09"
"001 SI23061",AA-50-GYR-050GYR012-T-206-2023,"SERVICIO DE MÉDICO INTEGRAL DE HEMODIÁLISIS SUBROGADA 2023 PARA UMAES Y OOAD COLIMA (PARTIDA 2 HGZ 10)","PRESTACIONES MEDICAS",Convenio,Abierto,2023-07-31,0,"No aplica",SAI,"IGEIA MEDICAL DEVISES, S. A. DE C. V.  (PARTICIPANTE A) Y PRODUCTOS HOSPITALARIOS S. A. DE C. V. (PARTICIPANTE B)",42061604,Ordinario,2023-07-16,,,"2023-09-07 15:23:09"
"002 SI23025",LA-50-GYR-050GYR012-T-9-2023,"ADQUISICIÓN Y COLOCACIÓN DE BIENES DE OSTEOSINTESIS Y ENDOPROTESIS","PRESTACIONES MÉDICAS",Convenio,Abierto,2023-07-31,0,"No aplica",SAI,"PRODUCTOS MÉDICOS Y MATERIALES PARA LA SALUD, S. A. DE C. V.",42060406,Ordinario,2023-03-27,,,"2023-09-07 15:23:09"
D3M0092,AA-50-GYR-050GYR012-N-228-2023,"SERVICIO DE AGUA PARA BEBER EMBOTELLADA EN UNIDADES MÉDICAS Y OFICINAS DEL IMSS BIENESTAR","PRESTACIONES MEDICAS",Contrato,Abierto,2023-12-31,571779,Pendiente,SAI,"BEBIENDO, S.A. DE C.V.",42060801,Bienestar,2023-08-15,,,"2023-09-07 15:23:09"
C3M0088,LA-50-GYR-050GYR012-N-192-2023,"SERVICIOS DE MANTENIMIENTO PREVENTIVO Y CORRECTIVO A EQUIPOS DE AIRE ACONDICIONADO CHILLER, VARIADORES DE FRECUENCIA Y CONTACTORES PARA EJERCICIO 2023","DEPARTAMENTO DE CONSERVACIÓN Y SERVICIOS GENERALES",Contrato,Abierto,2023-12-31,789960,Pendiente,SAI,"GALBHER, S. A. DE C. V.",42062509,Ordinario,2023-08-17,,,"2023-09-07 15:23:09"
C3M0089,LA-50-GYR-050GYR012-N-192-2023,"SERVICIOS DE MANTENIMIENTO PREVENTIVO Y CORRECTIVO A EQUIPOS DE AIRE ACONDICIONADO CHILLER, VARIADORES DE FRECUENCIA Y CONTACTORES PARA EJERCICIO 2023","DEPARTAMENTO DE CONSERVACIÓN Y SERVICIOS GENERALES",Contrato,Abierto,2023-12-31,388600,Pendiente,SAI,"GALBHER, S. A. DE C. V.",42062509,Ordinario,2023-08-17,,,"2023-09-07 15:23:09"
C3M0090,LA-50-GYR-050GYR012-N-192-2023,"SERVICIOS DE MANTENIMIENTO PREVENTIVO Y CORRECTIVO A EQUIPOS DE AIRE ACONDICIONADO CHILLER, VARIADORES DE FRECUENCIA Y CONTACTORES PARA EJERCICIO 2023","DEPARTAMENTO DE CONSERVACIÓN Y SERVICIOS GENERALES",Contrato,Abierto,2023-12-31,413308,2826178,SAI,"GROUP CHEMICAL SANSO, S. A. DE C. V.",42062509,Ordinario,2023-08-17,,,"2023-09-07 15:23:09"
D3M0091,LA-50-GYR-050GYR012-N-193-2023,"ADQUISICIÓN DE ARTICULOS DEPORTIVOS GRUPO 130 PARA EL SERVICIO DE LOS CENTROS DE SEGURIDAD SOCIAL","DEPARTAMENTO DE PRESTACIONES SOCIALES",Contrato,Abierto,2023-12-31,182252.73,Pendiente,SAI,"ANEL BERENICE MUÑOZ TEJEDA",42061005,Ordinario,2023-08-17,,,"2023-09-07 15:23:09"
S3M0093,AA-50-GYR-050GYR012-N-236-2023,"CONTRATACIÓN DEL SERVICIO DE FLETES PARA EL ALMACEN DE LA OOAD REGIONAL COLIMA","JEFATURA DE SERVICIOS ADMINISTRATIVOS",Contrato,Abierto,2023-12-31,696000,Pendiente,SAI,"TRANSPORTIUM, S. DE R. L. DE C. V.",42062415,Ordinario,2023-08-18,,,"2023-09-07 15:23:09"
"002 S3M0043",AA-50-GYR-050GYR012-N-59-2023,"SERVICIOS MÉDICOS SUBROGADOS DE ESTUDIOS","PRESTACIONES MÉDICAS",Convenio,Abierto,2023-10-31,50887.03,Pendiente,SAI,"ENRIQUE AUGUSTO SÁNCHEZ CARDENAS",42062106,Ordinario,2023-03-31,,,"2023-09-07 15:23:09"
D3M0102,E-2023-00081016,"SERVICIO DE AGUA PARA BEBEER EMBOTELLADA EN UNIDADES MEDICAS ZONA 2 IMSS BIENESTAR, ZONA 2","Jefatura de Servicios de Prestaciones Médicas",Contrato,Abierto,2023-12-31,439668,PENDIENTE,SAI,"OPERADORA DE ALIMENTOS PERLOP, S.A. DE C.V.",42060801,Bienestar,2023-09-11,,,"2023-09-08 12:58:18"
BI23065,E-2023-00055482,"ADQUISICIÓN DE EQUIPO E INSTRUMENTAL MÉDICO","Jefatura de Servicios de Prestaciones Médicas",Contrato,Abierto,2023-12-31,108453,PENDIENTE,SAI,"LUIS EDUARDO SAENZ PALLARES",22090026,Ordinario,2023-09-11,,,"2023-09-08 15:39:36"
"003 SI23051",E-2023-00046652,"CONVENIO DE CONCLUSION DE VIGENCIA DEL CONTRATO SI23051 Y CONVENIOS MODIFICATORIOS 001 Y 002","Jefatura de Servicios de Prestaciones Médicas",Convenio,Abierto,2023-09-08,2200000,"NO APLICA",PREI,"ORTHO IMPLANTES, S.A. DE C.V.",42060406,Ordinario,2023-06-14,,,"2023-09-08 16:29:54"
D3M0105,AA-50-GYR-050GYR012-N-256-2023,"ADQUISICIÓN DE VÍVERES","Jefatura de Servicios de Prestaciones Médicas",Contrato,Abierto,2023-12-31,3643836,PENDIENTE,SAI,"MELINA VEGA CARRILLO",42060801,Bienestar,2023-09-11,,,"2023-09-11 12:05:56"
SI23066,E-2023-00082643,"ADQUISICIÓN Y COLOCACIÓN DE MATERIAL DE OSTEOSINTESIS Y ENDOPROTESIS","Jefatura de Servicios de Prestaciones Médicas",Contrato,Abierto,2023-09-30,751260,PENDIENTE,PREI,"ORTHO IMPLANTES, S. A. DE C. V.",42060406,Ordinario,2023-09-11,,,"2023-09-11 15:24:37"
